	horizon_1	horizon_2	horizon_3	horizon_4	horizon_5	horizon_6	horizon_7	horizon_8	horizon_9	horizon_10	increase
17031	2406.500935030267	2478.2916006050446	2565.9685151672265	2648.018570435776	2726.3095340862787	2782.3216042195204	2833.378111050776	2896.143505446958	2962.2603087502275	3064.594482039336	658.093547009069
36047	6066.907427615994	6110.6804471193345	6183.53235603352	6257.041575887896	6314.25104325804	6368.689087223457	6434.799916487465	6492.563633941838	6558.680799239712	6634.3923832665905	567.4849556505969
36081	5858.038354659532	5897.243276769987	5961.23361045119	6032.326099522219	6087.938610592295	6138.249569233294	6208.617691946346	6261.119262421515	6315.327808684398	6378.268178353974	520.2298236944416
06037	1601.8571171061928	1635.641460793206	1697.9769886852673	1756.4071287285356	1810.1835836082232	1842.7859455197008	1882.6972428159418	1925.2393678068818	1962.0997773049482	2007.6807924567122	405.82367535051935
25017	1266.0031255405197	1293.116903537318	1327.7390101116137	1360.7796574626589	1393.5941883102132	1428.351376242414	1452.2209031599918	1472.1369840749044	1487.1078056728147	1508.5315309420046	242.52840540148486
26163	2119.8635132628096	2134.589446331372	2162.0420418704193	2195.035512681038	2230.896831368508	2257.974896062066	2282.1458259038013	2301.48032053447	2323.3890996792816	2347.1957976482468	227.3322843854371
27053	411.90157050938035	430.52894395088094	451.8211422696038	474.1203668915831	498.05352343848216	519.4386275300682	538.2535864203986	559.4337440894046	588.4287535715445	616.5669306710008	204.66536016162047
09003	940.9921711252626	958.6811128029696	985.6270790847285	1008.2877830712157	1025.2807413714875	1041.9544546300333	1057.6275832717165	1080.4483116528613	1103.4223545458842	1125.5594569768014	184.5672858515387
36059	1987.3272726748187	2000.7264600237756	2020.559566127193	2042.2327268019217	2059.1684644324355	2076.787081562514	2096.213872048581	2114.887479008675	2134.5695658856475	2155.747446551367	168.42017387654823
09001	1047.2015996068142	1058.5111692860633	1076.881197526539	1105.2444851912587	1118.680760101085	1142.9544626598215	1158.2901296072637	1171.475873820789	1183.58404978907	1201.5158464994968	154.3142468926826
36103	1652.3786614508454	1664.8082905800916	1682.0558477923828	1700.7649195512631	1720.1379267229006	1737.1203819236348	1754.5244121199225	1770.0466825345163	1787.6015869601179	1806.3073535862843	153.92869213543895
25009	688.8074288702301	705.5965465626488	724.3261745540551	741.7688660783406	762.9759693869407	782.4450931952626	798.7711852741679	812.6685657610825	825.4683753490137	839.97997761172	151.1725487414899
42045	407.0792173451558	418.51737196747416	445.0651650686778	464.92566185420026	478.7722318067013	490.5892053877617	497.02145556396033	507.9183547165016	520.87103684087	542.0786330622082	134.99941571705233
09009	732.7629727159281	746.033977092676	763.4873361812572	781.8600385639526	798.6828046277427	811.8793536488846	822.3452782180268	834.9892981454677	847.4507882110098	864.1739015232399	131.41092880731185
25025	745.4068454390498	755.6053809047738	774.4652070330577	791.1608946601999	807.1932085621169	822.5506675562751	846.0490512825946	855.2075640213121	862.9231783016955	873.4474723944695	128.04062695541973
34013	1435.215748825035	1445.439663040454	1463.327974943516	1480.2252805458995	1494.1527826137392	1507.959325378033	1520.6942703736343	1531.740579492528	1545.8364633371361	1559.7864554923312	124.57070666729624
34003	1367.6249583019883	1377.4508673907321	1391.290821542063	1406.6687919689687	1420.5755819109577	1434.177015169557	1448.4610371835008	1460.4080286103485	1475.614215281308	1489.7804658670452	122.15550756505695
04013	256.7744044116541	272.09619836173783	290.7357526779676	305.4555372391922	321.0797734565837	330.8898288343454	339.3007516280462	348.3094894623028	359.0283197783713	378.02827325103107	121.25386883937699
25027	471.28610551451027	483.32115384060074	497.01102425968077	509.5560733893013	525.1882639539099	540.2786230346679	553.8893791693107	566.5692951855555	575.1314342354175	587.8463711193012	116.56026560479097
42091	532.9660369747176	540.3322755627299	560.1769321887247	579.0074252807601	589.2242034691776	600.0964998666867	607.0616450051639	615.4269714854958	627.3856558077484	646.1678628471061	113.20182587238855
36119	1237.535042944472	1247.22544665158	1257.6340966573532	1272.2382618292581	1283.2980072444313	1297.4697017821536	1311.2605006177685	1324.089381849485	1337.8971797811878	1347.5913060566127	110.05626311214064
51059	247.90333813590672	259.6976997807561	273.00439024620283	284.95722492575663	302.3317967267843	311.6368358871801	317.0369421525576	323.27028943593103	332.0931671615709	346.63784474200645	98.73450660609973
25021	671.2445445127892	679.6244685515018	692.9312540854102	708.3466311640335	722.7831232950923	736.2416033242727	745.2281770324745	753.6574452454739	759.1791297781939	768.0230691982061	96.77852468541698
34017	978.2550908091787	985.3671084732865	996.9344684555421	1009.3875850258197	1020.5010488161143	1028.763156828945	1039.114247903654	1049.7029034125949	1061.2161051903752	1073.4939852998646	95.23889449068588
42017	356.1161323770246	365.370025351461	382.0968918753358	394.5033612393774	404.9908754018136	412.94583304912084	418.53552423745714	426.9410008098336	437.0835009477243	450.77306508427677	94.65693270725217
12086	499.41394471946063	504.1607271684457	521.4496797034988	537.6697869748064	549.7887301451996	559.9436630608004	566.2675692137719	572.0628089753907	577.6738985673671	591.5839413285612	92.16999660910056
26125	858.9072229168853	865.7758770771223	876.7767240113259	890.0332990853422	902.6215164727207	915.345768253061	922.2696269282936	932.0267087196016	939.9472626618375	947.5974597235321	88.6902368066468
36029	381.59017414782835	389.4360916926746	400.8556646482025	410.522923124559	419.5828418541046	429.2023166368351	439.5670957244171	448.74130851793376	458.4916198770124	469.4489646287163	87.85879048088793
32003	265.3662048535816	271.4946500306022	286.49673660679497	297.7424423534527	305.78705043259157	312.16890155635804	318.87874829934293	324.74123349664404	342.1613848707642	350.7292855651692	85.3630807115876
25005	281.8948252062824	289.4504394048436	298.903989862891	311.1585381860341	322.1244516969959	331.9296893394726	342.28902092984623	351.14997589381875	358.698988413102	366.21512034946494	84.32029514318253
34023	801.273913435935	809.6722991352798	827.2573304858963	838.2439299603856	846.0255639324381	854.8474487366957	861.3062547721302	867.9043720172482	875.7519123353742	885.2677871968057	83.99387376087066
18097	431.4032991122272	441.18564305455914	451.5046844580472	461.37065683563355	471.05192990203693	478.08153816957866	486.8508125979953	496.20308687347534	505.2036167167684	514.4232065271551	83.0199074149279
34039	882.4479269100106	888.9732041840656	903.4213590120564	913.177117303931	920.5417473331343	929.8811247683735	938.8111218934547	946.3409349637387	954.583341484076	963.7687106338659	81.32078372385536
34007	233.46335354707952	240.43971411538865	252.80876554947903	262.856132949847	273.6408263509494	282.0125485152479	287.26072779938164	295.77594087577074	303.71150506363483	313.7495396791294	80.28618613204986
34031	753.1501428141454	758.952505020852	768.1708194483917	778.6816731618159	787.1233958222545	795.2273134855615	803.7406006476342	810.9715824244388	819.3005127585842	827.9641502342001	74.81400742005474
26099	706.9979656424159	714.3042965629718	722.9241682159428	735.2001189107241	745.4391385762683	753.7887434441584	759.4821099349361	766.8072477027692	773.3691547434465	779.9935532064176	72.99558756400165
25023	418.56543188829016	425.9121726726022	435.07667740792823	444.5018435848795	453.49316145778096	462.46417436274993	470.07553375361175	475.7293749324145	481.3508993878914	488.92040884044985	70.35497695215969
34029	555.2242253064089	562.5485369383041	577.1343567624308	586.7206167975897	595.1665218305059	602.5958088112583	608.5932533155989	613.7177175238176	618.3595714509158	624.7540392619917	69.52981395558277
25013	466.60372784036105	475.0129302665616	487.5749135249855	495.126860028981	501.7302493332822	508.88124657821714	514.0401537738356	520.9500041939899	525.8837775034657	534.4305191478636	67.82679130750256
17043	255.92562287033505	262.8359875057953	271.67859792740194	279.7172875604215	287.1866559161548	293.17634598091206	297.64215753546534	303.78747426998467	311.78829845818484	321.93790983847066	66.01228696813561
55079	236.51224184386828	243.97154716781833	252.91074129089017	260.45930478524843	267.07820619613875	272.07423701612663	277.4384182407231	283.80551138480615	290.345229158782	301.95616791036895	65.44392606650067
44007	206.96104967728732	211.55995307012742	217.17054045332964	227.2063190552984	235.97783427522145	245.3255664171922	256.2537238999824	261.3444943862962	266.4629949214549	271.1120465390027	64.15099686171536
29189	271.7823339399467	275.3602027749885	285.50695411716	294.1422679340559	303.24191066896975	311.69542995121475	315.7476035644524	322.52293146273894	326.878166273498	334.93475194824987	63.15241800830319
48113	149.06257978702405	157.0887080479584	164.27662516066292	171.1862371214423	180.1796802013128	187.32518722299548	192.01554460539654	196.98391264596464	202.90244799074256	209.46265468497336	60.40007489794931
34021	347.00120055339744	353.3437612698719	363.64363063751495	371.6692875287527	379.03615844038706	385.0107675598981	389.4559975139448	394.7124329267492	398.7781722907008	406.0155401887571	59.01433963535965
53033	514.4513047179687	520.9665437427221	528.4656914331246	533.962703734321	540.0929229233244	546.9028957931268	553.1463036264444	558.4723067329833	564.1994470536263	570.5925280517346	56.14122333376588
48439	108.23551671474644	114.94139277892704	121.48617753313955	127.34577019177277	134.95075273014317	141.35770820232003	145.73128507144543	150.8432047981816	156.47952814613302	163.7948140455032	55.55929733075675
12011	265.84496511830963	269.37961133947624	278.2358598520318	286.84448331485106	292.6484151457522	297.31419806346975	300.53323284846067	305.3551049113129	309.11681795848324	318.28981115494025	52.44484603663062
06065	221.60631938582046	226.35904599309976	234.70926180442302	242.057278610675	248.10368241462922	251.7708862341925	255.39556035841093	260.07855042002024	265.0563179924857	271.4221625001157	49.815843114295234
04019	137.28037798751637	142.49072419527917	149.36768032133492	154.98536167546794	161.81746405393633	165.48141390738775	168.15988047105523	173.167821440821	178.6390693747166	186.71218899457475	49.43181100705837
39095	169.46904268063778	178.51413322574717	184.25489139945535	190.14513465919444	194.80763676644855	197.77083799390087	200.6843506974909	205.0323724966188	210.35786342674507	217.7249364181385	48.25589373750071
06073	178.57155764631904	185.28275646081622	190.6792238323449	197.5942348356729	202.2788325444464	205.74813060251185	209.23967870822915	213.5658788671622	219.6083866000135	225.82066006597566	47.24910241965662
42029	190.65395624710115	193.79293275574213	201.81494350466122	207.7902076076029	213.68722946672418	217.86027276081066	220.61667074571923	224.19421622536564	228.28287300656004	236.23280369108855	45.5788474439874
22051	407.44309321163524	411.5519239006539	417.1474150250568	421.51660494558797	427.92549490202765	432.64931853804194	439.8994725878595	443.9812571250305	448.19391082947527	452.8750291865102	45.43193597487493
34027	521.7229912352932	525.7442821315868	533.0612897771056	538.8003029796171	543.6238618478305	547.7256344928035	552.0737490341161	556.3946517428485	561.1337198985797	566.0288584203429	44.30586718504969
17197	205.6113588484073	211.75520084742396	218.03814228074984	223.97267413343062	229.21811807326498	232.27753539296455	235.04895529179356	238.7746130549793	243.8701613012468	249.87091246988356	44.25955362147627
34005	204.60186374355976	208.6540745455067	216.04046648100928	222.35670744759904	227.8587093903715	232.15712241918618	235.18473376044872	238.7416082173495	242.9779141785066	248.6470501577149	44.045186414155125
34025	449.83622636643406	453.40349604531866	458.2923306511723	463.94033262665914	468.64158531908265	472.2752063972645	477.6579210800862	482.65821914229093	487.8316049666277	493.7772152704445	43.94098890401045
17097	177.9351611392194	184.23149514416448	191.81785289815593	196.85456629395054	201.16316773700052	204.21608215328766	206.1715855700715	210.78705272392074	215.66134846904527	221.74064217239152	43.80548103317213
22071	475.7840243330156	479.261405754987	484.4227130435605	487.79880659955796	494.0838996999686	499.2378968653648	505.50393282988176	510.39925086303134	514.326564201946	518.8079777639541	43.02395343093849
08031	217.03206055826035	221.36507380448126	227.24357260936955	232.14968675166722	234.9450202329918	237.99937390548342	242.385125201602	248.50296877364852	253.05526062766873	259.41676548576316	42.38470492750281
48201	177.24134569959895	181.175656671261	187.1807146355919	191.83505929637516	198.05870381700691	203.84415041979528	207.35802363341463	210.98405809284304	214.07904185820715	218.4182483880946	41.17690268849566
36087	458.4243109004941	462.60505515515837	466.77685450954147	471.563194804011	476.17599368534155	481.0730855552742	485.4065459659042	489.43138054138757	494.26182136022084	498.5963784583411	40.172067557847015
39109	31.818248484142938	34.48386887059282	38.05631608964734	42.61906081632622	46.231636249111965	51.24287100603368	53.63817903475765	56.87903429644119	67.44156641418319	70.7711835104083	38.952935026265365
06071	121.5673215056469	125.00923822400235	131.20192368931706	135.9914968592194	138.7545455422451	141.56909640015365	145.12060843339268	149.6056219596717	154.47356936317982	158.86943032212272	37.30210881647582
34035	338.91011376740653	341.85636872229935	350.00618431979	354.62611587880264	357.76969754464915	361.91772525402	364.88288280308285	367.69701236446315	370.5940922802362	374.454242595127	35.5441288277205
22033	192.39515821996267	194.87413786014181	200.5764447951379	204.13729484115032	209.29298123035082	212.8712916539103	217.64526959676527	220.9866538577955	223.5307590334511	227.44688445898348	35.05172623902081
42095	163.85600920379278	166.73510229690135	171.54228639811396	177.64580243313253	181.11089518631545	183.20228744943924	185.1832927296543	188.35835831682184	191.66535766906526	198.63703247316073	34.78102326936795
42011	173.41155601652417	176.3106663392289	182.71657991881156	187.78639351260847	191.2886904589894	194.67330428027526	196.8159940849327	199.03860161601415	202.1006195383274	207.92668887872907	34.515132862204894
36055	144.61683084308018	148.3060529821561	152.6982051001244	157.6034686621219	160.71852053864927	164.75911380338195	169.78373449502408	172.84714437131035	175.74887485106117	178.6749194073388	34.05808856425861
51153	57.408587109243065	60.416614795467424	64.81764613767403	70.32468997738361	73.79048370013125	78.19366664397835	81.26509497713458	83.34456623607062	85.81646812697782	90.67357235740322	33.26498524816015
19153	65.06409032346806	69.61517039137831	73.18364615982233	76.45038519792814	80.04309759487364	83.20369621133389	88.67310492274137	91.07210399987152	94.48399402996553	98.12538642013175	33.06129609666368
42071	170.74406117145992	173.3840483535476	179.42817396879735	184.92449652058346	188.21329122649098	190.40768334218797	192.5881002937816	194.72265954323095	197.81444997709556	203.79845827203374	33.05439710057382
01097	93.81184756957859	96.99131958146059	100.8019692245344	103.81566281341215	106.49973005625826	108.82253858438169	112.97268408904293	116.46797409864517	120.54944440976564	124.09124612239542	30.27939855281683
35045	75.95175060489376	80.9081105837451	82.96176553707551	85.84898177094729	90.70372161569006	94.72802770344823	97.43337981839699	100.28875140498455	102.86643708117003	105.97881643755107	30.027065832657314
53077	66.70528038551016	68.66136616615135	72.2431197308931	76.1981902552156	79.8243251198559	83.02580709885773	86.2735054095591	89.05865699432182	93.54600154877812	96.41590315598417	29.710622770474004
34001	80.23451842975112	84.4597426799022	88.8925064780764	93.32052920841984	97.03719449040368	99.76454770436463	101.89585552729771	104.01821665437254	105.90282363537898	109.21398891394416	28.979470484193044
36071	322.4816198875487	324.6239475671746	327.5391909462701	331.1963608208239	334.93064509574685	337.6991492051677	341.7471789476223	344.69697909828494	347.7757312760844	351.28550879681205	28.803888909263378
27123	50.10162383612091	52.41306917686651	54.97793633489866	59.20206424275797	61.79861942883666	64.49565704947844	66.95765164888681	70.33616767416993	74.25576202487824	78.70838024107113	28.606756404950218
08005	182.8345886124082	185.88746412505486	189.97300516365	194.15814679594874	196.0811749530389	197.8660906219467	199.9554227269534	203.8689945530303	207.07525151836188	211.23547574317465	28.40088713076645
06083	13.226254917359853	14.877683061239521	19.689311975112364	23.65212176868171	26.01673679517716	27.232793900584994	29.335385713905943	33.098293254769786	36.844562014140905	41.103706474523236	27.877451557163383
18089	127.59984442537615	130.2351669163618	134.04406171447238	137.7020956507659	140.84595926427733	143.4536941237327	145.57208227126077	147.71288484066824	150.7615625399355	154.79370287321305	27.193858447836902
13067	124.01277693338564	126.25592133710889	128.8613008713819	133.58349938379286	136.53885843025407	138.9478440680299	142.51003652070068	145.11157928976593	148.48607616975815	150.83822908653065	26.825452153145008
34015	85.43076344286247	87.92870216629301	92.12993929111661	95.8605428296882	99.34545474811907	101.72426776999492	103.53906777837622	105.70760019192664	108.02842844490517	111.65884774993734	26.228084307074866
13121	150.29564570229857	152.6997869722968	155.91609205502024	160.41020731175152	163.21064660286376	165.58073640736134	169.377812423435	171.1636798398719	174.50241635378669	176.44517262491635	26.14952692261778
04005	59.04778886286623	61.981911904349744	66.11424005652961	69.80761951991832	72.33200543913851	74.17610834449808	75.6649233180054	78.08916810161102	80.45532026843941	84.88680575166278	25.83901688879655
29510	91.38460716966355	93.04622333983242	96.56372214890955	100.135027692953	103.29830904680112	107.43034031366453	109.20942673956506	111.41252207540178	113.02078027785119	116.21416996703742	24.829562797373868
42069	119.57648759943511	121.31638140861591	126.05732172820507	128.8979017787033	131.2491889247344	134.46240223708642	136.3790600190235	138.4758624368245	140.91518737921234	144.2005000470952	24.624012447660093
26049	227.68517353892668	229.8521464652499	232.33227003428067	236.20167158714224	240.41960599369506	242.68384923084523	245.12565989757672	247.2111287338971	249.43191792440481	251.84153840604517	24.156364867118498
10005	94.5079282117268	96.66708216024699	99.3576983058079	101.36317141797481	102.2655049575399	104.02910574599413	108.19153909516591	111.38396485547636	113.69630012727319	117.96494494117194	23.45701672944513
21111	115.16649370263657	118.2968105494944	120.88602891330055	122.8710295603247	125.18008593926638	126.52615347090044	129.8816784942599	132.9993603385841	135.88112080562863	138.2491106123581	23.082616909721523
13135	98.9895778124295	101.18662862825124	104.13126056437444	107.21376048243783	109.18585021859141	111.08720332680083	114.15032144760015	116.77793172377436	119.70041804976395	121.79188623226615	22.80230841983665
22103	139.67691430282653	141.89933974638097	144.5115590541132	146.425456450542	149.9197982454456	152.34354443897539	155.14910189465135	157.2183680048909	159.27267304429708	162.35572659110153	22.678812288274997
10003	96.94670110807326	98.0904219694003	102.01651329503355	104.4542941132131	107.1896772891026	108.95612199768001	111.18959294027124	113.50341967060908	115.1226767594541	119.4533181793345	22.506617071261246
39099	125.51222277330437	128.1771625449371	132.4097392277037	135.4032397697319	138.08469186709675	139.45375675316265	141.01258358331097	142.88716655991925	144.9226923428944	147.97904390507932	22.46682113177495
36067	58.61511078175287	62.09730386700606	64.48137044637662	67.34366093068341	69.99527840910905	72.46712891407884	74.33011322688418	76.13258898368694	78.14381098070581	80.79526978559566	22.180159003842796
20209	68.25770793284582	71.99788044732476	75.33451882908537	77.630325423237	79.0548530066039	80.62360142519015	82.26969065616701	84.61768320804562	87.26402246043268	90.40741191067258	22.14970397782676
42003	126.53004015392084	128.52189966809243	132.1381735340264	134.67599077997758	136.83458566176384	139.19144048415745	140.7699267889758	142.9351655361373	144.9322038073567	148.41381468891646	21.883774534995624
06059	78.38013599881478	80.3961979228974	83.35832233757705	86.73598950180006	89.11124935127084	91.17324574523896	93.01343993175031	95.50549407278943	97.57381239950841	100.19293045994506	21.81279446113028
39061	103.22855448643843	106.25333166220547	109.46183594651248	111.62357646301673	114.21460361758331	115.75871578124897	117.30514665134987	119.39505058848644	122.30138321264319	124.88416761515997	21.65561312872154
35031	53.22498720426582	55.67899094847453	57.76368147854031	60.26964048723764	63.89358455654947	66.63336411319547	68.71527414325415	70.85210009201849	72.33804634376175	74.76376534925272	21.5387781449869
42077	123.58349748249253	124.85235609725513	128.94395030313188	131.7688604216005	133.47473352182197	135.71947195563106	137.03414971247378	138.28643764914594	140.31640443232212	145.05506839894423	21.471570916451697
34011	42.7468647069329	44.07274482479166	46.73896285053442	49.214023399742665	52.58580388892432	54.89485850522383	58.3197629160196	59.779702641920075	61.602227432846554	63.97843733481164	21.23157262787874
01123	45.710979218989145	47.0234138821269	49.179368117827124	51.69730152977859	53.164360948031	55.14408803918515	56.2396281636897	58.360265107583544	62.07137471339291	66.31276619411604	20.601786975126892
17163	54.622752635787855	56.30204999553296	59.32372477183904	62.33214433028431	64.73881076707828	66.97582156063822	68.5643425428659	70.4067933453049	72.51955356076701	74.97837587158084	20.355623235792983
39151	71.7248531312388	74.08792955215337	77.09165263525034	79.63845430050597	81.89878833670952	83.11951836707111	84.335225061776	86.55237779596008	88.77168824199529	91.88843090564934	20.16357777441054
25015	59.949106972999026	62.26399212235282	64.30422282678246	66.37901226413979	67.82638243522531	70.67331671974884	72.9255528113046	75.03224817543445	77.08489601270124	79.6077059578773	19.658598984878275
04015	27.84732460740515	29.71973750873375	32.43549479873624	35.38445695498248	37.37905751353047	39.06371299325329	40.645351839774776	42.32940671216099	44.988557618356005	47.223330167959	19.37600556055385
33011	58.61423568539228	61.499006919140754	63.310442566609424	65.69294910996337	68.41452833410524	70.83299758019261	72.5136008079072	74.15915573190323	76.29058311077327	77.96005643099477	19.345820745602488
06107	52.7653910707722	54.68539939506543	57.51737848349492	60.33470290533171	62.54868597051666	64.47358115304206	66.08913074301303	67.66219174787642	69.527371934577	71.61236427573883	18.846973204966623
12071	70.87105688338572	72.34981864902898	74.2461495818555	76.67944141297492	79.2573945341702	81.45923097101046	83.64863599946005	85.74916932279665	87.13599696103255	89.34105197891463	18.469995095528915
12081	76.34465228757585	77.59121655254941	80.72759201160824	83.58602904218829	85.93748250160397	87.4045896752784	88.76357344244505	90.25131399159773	91.66153720604827	94.54774239967908	18.203090112103226
39153	82.62329314901838	85.13055994268498	88.21105032261174	90.32569569640903	92.02080634245272	93.20435745179734	94.14386398124643	96.13875095943368	98.17095853941181	100.69519479308238	18.071901644064
08001	83.40927963777837	85.4080803070503	88.15371251979195	90.22691031861015	91.42866164651463	92.4175098641947	93.35084526573178	96.25319897182771	98.69981602827595	101.03756897572971	17.628289337951344
46099	30.962054384319156	32.767958843473835	35.33291352094122	37.6999774917653	39.54168477346325	40.42741646588105	41.43925042091658	43.096699167535775	45.58447433074861	48.56357620011453	17.601521815795376
18081	92.81492800422626	94.43262744026889	96.53093891740781	98.63519852347599	101.17046813256079	102.75552465061718	104.57710397693954	106.95614453533595	108.44501141612145	110.02908986811711	17.21416186389085
12103	63.200432221035655	64.28346138989414	66.98936871252641	69.37608622134886	70.9782180258813	72.40836827233406	74.29150660429549	75.65734882703563	77.21684421946154	80.30751045638532	17.10707823534966
31055	25.109995388437532	27.31850042629796	29.20352629678828	30.86007015092271	33.135020097323675	34.41518881584979	35.8325735233729	38.07110148733268	40.24479593231027	42.192099152864195	17.082103764426662
25001	75.92835096036859	77.34829586150678	79.43506651713763	81.51765898183625	83.59439095332512	85.76473258070608	87.99266711021617	89.50551558248316	90.56516123006631	92.12694882823112	16.19859786786253
17111	55.064708280033116	57.11926190859242	59.6952205277992	61.980945251441966	63.55583249633079	64.95220527004172	65.9847908149357	67.38162703369242	68.86672049888996	71.21681056728181	16.152102287248695
20091	55.51043419124729	57.524920722928115	58.905764705116624	60.40315006299206	61.822167183213	63.26707390535315	64.83026202841228	67.06448002639007	69.0797995051587	71.1315913383808	15.62115714713351
48141	34.96152594047052	36.77641714165554	39.01702348457244	41.663266304977995	43.764856879366036	44.97797341474	46.044340774685274	46.816558755246575	47.7944502989878	50.140091482546666	15.178565542076143
48029	59.75306380682705	61.62278495916057	63.44768236266099	65.61438055172555	66.95017655067596	68.29992364791465	69.12762403952924	71.37711170290058	73.0821042094409	74.91482459376483	15.161760786937784
42079	114.1021438128066	114.82619606875416	117.86992565777794	119.78717640501205	121.90376204255526	123.51021516412455	124.54428621341184	125.5901606368192	126.87778347168894	128.83840685966217	14.73626304685557
08059	96.46793354036478	97.86441505455372	100.2744125553402	102.29434367667061	103.4910104028868	104.43772803067222	105.37634984595984	107.5669750021499	108.67462300457835	110.89343601471887	14.42550247435409
36063	49.50241077328556	50.97199774334928	53.21053405139514	55.1065457634956	56.609980013867755	57.909354666546086	59.435998453520334	60.76174100621806	62.51168070892355	63.89216027637512	14.389749503089561
36001	77.18124928968561	78.40881490446272	81.3712966123397	82.76885128268582	84.83344527773343	85.62162052905646	86.91824822454313	88.58260193082515	89.56393745552987	91.53770602883904	14.35645673915343
06001	73.38149348088176	74.98031060840067	76.72090548269676	78.55930948851916	80.1069199396242	81.22140729162172	82.34993230434014	84.05648762495966	85.69012998421863	87.53237754974383	14.15088406886207
53061	121.000570131858	122.03769743213893	123.80358594894615	125.09001064001237	126.44502902523338	127.92152758133608	129.65625689897385	131.23299132682482	132.58755385354942	135.00543720134758	14.004867069489578
18055	16.305917896446662	18.144780441796723	19.480400993450246	20.173504559920964	20.813044748428105	21.787590267119935	24.901148297335	26.095810366029333	27.905575997377703	29.659891490689482	13.35397359424282
09005	111.69669633459215	113.09304802096203	115.10015010897678	116.84125467304786	118.00128058694355	119.26249631505844	120.30119750684355	122.12845576468077	123.28386008869063	124.96799690507794	13.271300570485792
06085	130.94555957541212	132.46363756790487	134.18275687150202	136.2176670241705	137.8884279901958	139.19291485350223	140.69463225797094	141.86400267436284	142.80629571133238	144.19277598850087	13.24721641308875
47157	72.05600143875036	72.63487621928893	73.95701246386473	76.11553033325734	78.05400179408888	80.25114081650074	81.9386380787466	83.21591073676689	84.24883649725881	85.2447054863783	13.188704047627937
01101	17.149004801866003	18.117970740535423	19.63091771117333	21.425810268205637	22.76027452805112	24.41281183123924	25.988229868335885	26.81756693479146	28.253139134000527	30.100291853923224	12.951287052057221
04017	38.70935031305873	40.10717422559043	42.256834936655	43.68751982768823	44.963973743335224	45.81549292996932	46.95855107979385	48.279424061947324	49.47935698506317	51.60091723548568	12.891566922426954
18003	61.02943975709738	63.038145827656244	64.67569122299662	65.67978025890315	66.53219987117679	67.56749819591565	69.11159182078484	70.50745675667503	72.27753273099154	73.8983237505042	12.868883993406826
26145	87.25678199432508	88.07378590921668	90.00726707876142	91.33999469630831	93.47986487372917	94.56863925707157	96.08273523303482	97.32834781489015	98.54916079487239	100.09447262867944	12.83769063435436
17201	27.058299613176796	28.720270055655156	30.309549789696003	31.886503895006534	33.138627498125864	34.05003422109976	35.1708494974463	36.282464561446965	37.70356850559003	39.399549464903515	12.341249851726719
28051	21.006598028593157	22.326730617075512	24.163287639104887	25.703152209674187	27.042775634474804	27.96237767976031	28.701093554515317	30.395936070340607	31.562584731382955	33.209969459348976	12.20337143075582
17091	31.600293177859264	32.75496300441942	34.27913195776309	36.07482793981245	37.28786621325159	38.019060041371105	38.927561050251846	40.061597300539084	41.4414239439288	43.73560594581599	12.135312767956727
09011	59.29208156892338	60.626310487525	61.914077527191345	63.392472270654714	64.82871166414209	65.87052400765008	66.67388347365473	68.00963332886903	69.51366077985486	71.30589168029366	12.013810111370276
13089	74.04623429401822	75.18501931624883	76.90115044347897	78.49574695473979	79.25786063693108	80.4324457204357	82.34843173211671	83.58170202380902	84.7910479658217	86.05412405007601	12.007889756057793
06081	57.962922494409796	59.45058035727717	61.16650915786496	62.15565723417258	63.17369407552141	63.89874082968274	65.50233732699843	66.99194147794356	68.25749753790429	69.47301439144294	11.51009189703315
34009	34.89078170583262	36.93331975503777	38.595324064157275	39.8605127738543	40.80403785867703	41.5517589293303	42.85168296906024	43.7507342088593	44.50148979544755	46.376209616632636	11.485427910800013
01073	62.984879333638055	64.48656586877513	66.37351480603152	67.99997058825804	68.97916617925625	69.67592739284255	70.66778025050601	71.82338066512959	72.80689440469574	74.39737616464116	11.412496831003104
08013	57.16338583868057	58.489916796977845	60.443724960120136	61.59772132894015	62.304216264818805	63.322233754904374	64.68876525100117	66.01624046092236	67.10996667219678	68.56085698431502	11.397471145634455
41051	55.03359980332082	56.47616132184174	58.25757466184118	59.608392357666155	60.842615726751035	61.7158975559968	62.82550767448151	63.673900960703314	64.86742595276836	66.2906936862036	11.257093882882778
45045	46.81389991870483	48.09872447618751	49.93873219057852	51.294676581047916	52.74971453347824	53.58881288950156	54.09002581397918	55.144029086715236	56.40664188716444	57.94392511037824	11.130025191673411
37135	35.099383237411004	36.221628417059165	37.83942680546193	39.7793277011665	40.7522864339049	41.885748994960174	42.22921539866537	42.88436631485286	44.902905443636705	46.063495459753426	10.964112222342422
37119	64.09845920311126	65.29266564835387	66.80048466555291	67.99032975043966	69.3906161408731	70.2234783822492	71.36920264567298	72.65205902890321	73.7256404926006	74.96913996008463	10.870680756973371
27037	16.815561377033404	17.680844003210165	18.743218983479	20.030127481681394	21.36164881172119	22.34252167658794	23.34770056087394	24.59216084059195	26.01429036983491	27.6225416461837	10.806980269150294
42041	34.4950852018757	35.418487645044166	37.42418884528576	39.26423517284838	40.550018288415906	41.27579788744938	41.83060350952012	42.650258647753695	43.60835941892304	45.229561420355914	10.73447621848021
19113	61.094293847928284	62.302117075573996	63.56821759052451	64.91202429064138	65.72431883145967	66.50777086901081	67.49977802964285	69.28829167866535	70.37898279251166	71.7676524226379	10.67335857470961
10001	41.465209110430166	42.388465888319224	43.67554653495652	44.394531445884546	45.21259058294858	46.1733941797505	47.80412328633649	49.17057543103836	50.37489891705682	51.843484801955654	10.378275691525488
33015	54.89177587564205	55.713053149974016	56.88400431990196	58.46483014039505	59.96186508870823	61.34751049640113	62.38159255869987	63.17061827589308	64.14652541019285	65.16522327424767	10.273447398605619
04021	21.011662413515488	22.052840630406564	23.765747570291843	25.245495328562274	26.419214453547454	27.068055096664093	27.66076533957134	28.63496730385783	29.70807806779807	31.270874250299272	10.259211836783784
48375	17.19686402155289	18.555689425316203	20.44814642925187	21.611558041150058	22.551187758765263	23.262468871737365	24.029701124827113	24.776375111091372	25.79027209418537	27.393771749106005	10.196907727553114
48453	61.82857164178409	62.707663636087396	64.01242240182418	65.39883572581478	66.61272996155749	67.21891151821737	67.87925092017997	69.15732031115175	70.33441088776517	71.8438331082763	10.015261466492213
12115	58.84162402429424	59.272464837999536	61.18797337307648	62.780545890034155	64.26200769103694	65.28085217463935	65.86981752596915	66.55781351318153	67.17173644599345	68.75253090825234	9.910906883958098
36027	105.02424887390758	105.94816248408998	107.54337104886994	108.87615816614715	109.99112670416449	110.92903833331287	111.71919651400975	112.5733222509977	113.524479569998	114.85700561121075	9.832756737303171
27163	16.633389960605452	17.65862916378441	18.51297267084416	19.5043613032318	20.95777259437398	21.692933143967668	22.650995581862002	24.001744907741248	25.16451229560079	26.3903233466526	9.756933386047148
23005	33.41648732692814	34.43860759059955	35.50896731952172	36.35274841042013	36.77892129959359	37.48725888420364	39.55083873588314	40.5785047479081	41.826132043665254	43.167790547165765	9.751303220237624
24045	17.84867752745503	18.873268063545982	19.973029767199755	20.836289549603507	21.889171949342344	22.680197714160315	24.526784191748828	25.352236178582416	26.395528179747938	27.48779622083195	9.639118693376918
12105	35.805345030272136	36.40822804230698	38.05734281801054	39.336477257512385	40.19809127949149	41.06726741754192	41.89157000021984	43.04428270250796	44.24381937462936	45.440874699741926	9.63552966946979
53063	30.658554033406027	31.43452332111252	32.585291847540596	34.070473278628995	35.254396966121305	36.1916452256669	37.35574941423593	38.21654867287988	38.936367582265724	40.221986378188035	9.563432344782008
26161	82.5487788474424	83.32991854342764	84.29494062665525	85.83235201874245	87.39125438773341	88.37625381884712	89.22585466955603	90.18864815785882	90.91175772046283	91.91606764085199	9.367288793409585
48157	39.807529979129455	40.62860640701754	42.0762934356191	43.3065748687811	44.56118416298716	45.61922325543342	46.5412366969158	47.28570242825896	47.93160105331594	49.168134454818755	9.3606044756893
39029	39.05487888549709	39.96387760975092	41.61922546715216	42.572439201206606	43.641889975900376	44.261274794047544	45.193723906467184	46.1405704234873	47.00544833579316	48.31380267999978	9.258923794502692
12057	39.59304773580027	40.043055204193536	41.61642963523434	43.018032310467504	43.794343779295055	44.49374829062589	45.35133945456684	46.33921282605403	47.11041004872554	48.83011574268646	9.23706800688619
34037	129.77285613170204	130.5532402625532	131.77473522989624	133.09762439181057	134.14947590779846	134.94894840148444	136.07053582568173	137.0712735620146	137.92077144512515	138.99261742774675	9.219761296044709
18063	55.7611075852171	56.96271474687104	58.29913090915402	59.338093783991624	60.63358866428867	61.240951697327375	62.13468272258947	62.980968568355124	63.796464781634754	64.91601044317451	9.154902857957417
36111	57.899047917675496	58.533085185320395	59.822761664560694	60.79277335928119	61.79956225871313	63.0139668042633	63.71062283359748	64.6905445715161	65.56422787229177	66.98945181460212	9.090403896926624
26077	33.81504292306257	34.53565599492788	35.41296855495399	35.95240340655772	37.10700397930415	38.3842673427032	39.63713537564613	40.87361711801903	41.73359600510305	42.7752513782094	8.960208455146827
37081	40.418238253499574	41.701441721681036	42.67467967836244	43.94542695409538	44.80900640906436	45.55364174207771	46.115236270487216	46.84789871534713	48.062973532426696	49.32368463332499	8.905446379825413
28089	13.534158364263641	14.379933296256873	15.64787569932769	16.56584699011991	17.548205945176026	18.114695970888203	18.848939769233162	20.503297485442076	21.19774359106829	22.34940061662398	8.81524225236034
51510	32.06969069912145	33.94873747400578	35.42770564140651	36.51009688279722	37.430991643022466	37.98223648603309	38.33470489467806	38.697267523717734	39.35854091348988	40.78751803870744	8.717827339585988
51107	31.45760689163546	32.19052509295708	33.66339141434936	35.247101050082605	36.35869157899417	37.25931360627086	37.73120502244945	38.312097291039365	38.919075161545734	40.13945969581054	8.681852804175076
28139	12.454439649411029	12.853136368620943	13.657342918976319	14.472855642661742	15.49969050233409	16.600965082357007	17.137940813158075	18.66369461143817	19.762407542011132	21.012584336135298	8.558144686724269
26081	43.48169376968631	43.981741035287044	45.24328228673631	46.01877210543088	47.036946103401384	47.685021469902125	48.577354889387635	49.608974098794924	50.321299774130885	51.90051730312949	8.418823533443181
17119	32.80281036649453	33.34330317941003	34.72363042017191	35.98062011719557	36.98375216343861	37.85253089436145	38.15376978294501	39.03632800258335	39.95070907139833	41.04802512305174	8.245214756557203
26139	20.966194274885353	22.14733696575773	23.484347792879745	24.475919670990574	25.8074462055879	26.37945693281546	26.894076097457592	27.503902752874016	28.16653151556043	29.208732262893772	8.242537988008419
55009	19.49959825836693	20.30383617419801	21.278438107302268	22.778775479170882	23.88869872748461	25.12120667431407	25.661540679080787	26.25832066846847	26.649686039698956	27.728888980348106	8.229290721981176
42007	79.91539425055248	80.83296135592612	82.41960799244026	83.53875067164047	83.91067896602574	84.73516381922423	85.19198504616296	86.05041693034444	86.64270106190745	88.12637712829593	8.210982877743447
19139	24.588647426760012	24.919963565914358	26.034788469885804	27.318109608731376	28.42222581871074	29.504208425497236	30.368644000563737	31.319429972364347	31.87037396170499	32.590986951346125	8.002339524586112
22095	78.8661571101974	79.59823797530647	80.57006023692557	81.42015764883709	82.55635240516476	83.23717193713593	84.16239307218785	84.94130039224987	85.8552154531622	86.8093980881054	7.94324097790799
36007	29.848789437258834	30.66520224438359	31.50399343544881	32.187775679135434	33.09646224025643	34.22502089310299	35.35139573739366	36.21910642564138	36.94825399476936	37.714289203180876	7.865499765922042
12015	34.638731212568665	35.13009108292042	35.99080200699306	37.21599380723382	38.37159978847211	39.170296635360764	39.849632569530996	40.78281642543716	41.575569603587354	42.50079974226998	7.862068529701318
12021	29.710355060300845	30.160054514384882	31.25813180891899	32.564992429856645	33.26956219152605	34.13095685203309	34.88773990248389	35.84202969887555	36.58235319525889	37.556672169479185	7.84631710917834
12031	30.64514742196647	31.230020928304526	32.71160114467947	33.60856012677941	34.4418485588109	35.31768102070613	36.246771258080656	36.827728938156525	37.47451672930943	38.44044467129629	7.7952972493298205
25011	43.70169550301708	44.378534896454596	45.400864703221075	46.328654849365485	47.23453347021574	48.401704515773766	49.25305481019067	49.81481150838399	50.393817638747926	51.276432134752156	7.574736631735078
06075	36.77146846852531	37.50081217183059	38.458579350563554	39.50995867925676	40.160915716725654	40.974933599965716	41.745173762081244	42.5801015269303	43.42209620863576	44.30081390898524	7.529345440459927
06025	13.799981187446662	14.490510445921498	15.280977272322163	16.138939674676436	17.047366625934888	17.605038391183143	18.249979393180443	19.197484900830364	20.118789401300884	21.309488049484592	7.509506862037931
28075	45.607397730421354	46.02116664765665	46.61864986625363	47.694594309976445	48.93486116988017	50.11751608433092	51.123791919582175	51.69523267017505	52.41364998503229	53.081316616853606	7.473918886432251
42089	65.30504382315252	65.72557239124798	67.08501009561866	68.00007009570263	68.72008224403592	69.40616817051882	69.92697846512563	70.39890037250778	71.14902767325574	72.7361721581701	7.43112833501759
13063	36.70501180154537	37.62663122156841	38.48267418620246	39.59927677988128	39.94399675535695	40.71629439203422	41.608141096342244	42.35497776292673	43.181690153221105	44.074456003479355	7.369444201933987
48041	19.865653568550528	21.30358278404778	22.58874400345793	23.28253741271333	23.760309846697798	24.268428231736245	24.72963778750936	25.32560438742002	26.192670039408736	27.201381791614892	7.335728223064365
48085	29.73238929450282	30.152407179154178	30.90805350976252	32.02998887684414	33.1134274601843	34.159248859840645	34.808403241626344	35.539201291705396	36.20973367231986	37.05702262064784	7.3246333261450225
18027	16.74354292464063	17.466915100271738	18.034119124190774	18.439606037407454	18.836805033773892	19.464566390561604	21.47628334716043	22.140332229921743	23.112334103474883	23.97903531609703	7.2354923914564
17167	20.535659904246156	21.548803171857365	22.547521054737103	23.245373294703356	24.023642848672218	24.624033021178526	25.168462959315892	25.967729318011546	26.802368664760255	27.76838722422958	7.232727319983425
18095	58.490116445708544	59.22138353606441	59.986722968734576	60.56608378023562	61.17543906411941	61.81641925540978	63.229760923497814	64.37604713658867	64.88392280455997	65.67546003943811	7.185343593729563
39155	36.403459140775986	37.49202001162449	38.8383289942123	39.53713056904124	40.20449514414158	40.457458887551844	41.07115424719256	41.774010018404155	42.55821778458923	43.57041774481692	7.166958604040936
18057	84.06236634517433	85.15025732226727	86.02615063680483	86.70527212864953	87.58166858940494	88.23797076006771	89.02924540001716	89.76390789393865	90.22316521542113	91.18177326516988	7.119406919995555
18039	19.66566896139458	20.683324597382445	21.592302094015277	22.691189649619556	23.369242380464964	23.82086772463723	24.439390086318323	25.031271028579752	25.706167797464687	26.762966958601613	7.097297997207033
39169	43.82604622383718	44.780994018529604	46.14301772192159	46.95620171707406	47.632226471194265	47.82189363716488	48.056284892238864	48.94500054348282	49.5229305829915	50.81179302844714	6.98574680460996
28035	22.35171250804906	22.937237031093137	24.037971686229433	24.877185287344346	25.478166432672772	25.988451871480102	26.18938636987665	26.699090345244993	27.306217922606432	29.327271651345256	6.975559143296195
01081	31.608592674027594	32.23179986872629	32.94222373770499	34.01027417486161	34.36301345962029	34.783146354293336	35.51703353204196	36.09085724453122	36.477534353825	38.492601816515005	6.884009142487411
22101	27.799133208365063	28.4327055882786	29.768772466483817	30.50527171326678	31.323817544894425	31.89844702962809	32.238780076881746	33.00697559860353	33.70946797849341	34.66055268220366	6.861419473838595
35001	50.17150206696872	50.87455836886521	51.562666170722586	52.288563677193366	52.92266456107687	53.8016700086315	55.06067916920484	55.831523772688996	56.39780734333874	57.027460097150275	6.855958030181554
41047	24.367864301666035	24.779481807267985	25.901456500535758	26.731173086001522	27.71476004442585	28.31051286403006	28.768476149057186	29.40570199083053	30.00710305481114	31.11183545954198	6.743971157875944
18093	17.41659228894378	17.976437160466833	18.873588776673692	19.46001786201396	19.84949557735272	20.50434259343207	21.690989870510155	22.458511876564256	23.26802917840633	24.10246833152947	6.68587604258569
40109	44.704650036171856	45.192479915837765	46.08918292706532	46.9199357522963	47.71709773823886	48.68124477982598	49.241087582274695	49.8599674106119	50.42926435898966	51.30428727681314	6.599637240641286
28045	12.901513118831613	13.535355879897736	14.455387583836908	15.044239961647246	15.81593599719734	16.363874957412893	16.728015357861814	17.49232790181307	18.542517410893286	19.492670619417293	6.59115750058568
28049	16.516943945669976	17.50812747231411	18.128153633755634	18.52536228369792	19.17946433060604	19.580741635691858	20.058849080164492	22.107125493802886	22.416328292576697	23.09182874797423	6.574884802304254
32031	40.59259769108144	41.070190612713546	41.95097574116382	43.05004192821091	44.081109674550135	44.81639205605431	45.29359350185685	45.87271191684113	46.36205582515335	47.15909348024802	6.566495789166581
26157	18.969076960882894	19.664535704064573	20.106560292524836	20.683937033792613	21.610700327376193	22.159731434100163	22.91230517381685	23.61047297898394	24.78233693456443	25.52216871621117	6.553091755328275
26021	25.397501300208937	26.271316826445485	27.192484408781752	27.97543537371473	28.639428777888575	29.075153580909248	29.664761817049527	30.20975997883249	30.999586430817327	31.950098417954788	6.552597117745851
22097	51.28323422574948	51.96660829591234	52.77090863688257	53.45615975702618	54.54852047187846	55.23246463963967	55.851487762579076	56.51428654430141	57.081887779571765	57.80263018581457	6.51939596006509
36083	24.834142640955342	25.57571983975923	26.568754160232103	27.249158593489426	28.055043487484753	28.43056988593161	28.990149267550798	29.793177041697014	30.605049854981363	31.32696784085436	6.492825199899016
37063	33.42225797479992	34.034462140963576	35.12471714846256	36.21582028289142	37.12534138856858	37.667923082945904	37.95020364880293	38.381572575356024	38.8905445146998	39.88416053149452	6.461902556694604
05119	24.80790061484336	25.416838354082756	26.013874393604873	26.891485103244705	27.277606879491714	27.967698527580065	28.7020724255362	29.953748011250493	30.553787851048885	31.252708655142342	6.444808040298984
18005	27.623569376870165	28.286931724025013	28.964084048430234	29.85126095450889	30.76536062071424	31.449763598118032	32.30959939409015	32.86469379872402	33.451197913363096	34.06308046257433	6.4395110857041615
45063	25.8262491580701	26.61761411238442	27.309759289503305	27.85776186916002	28.541768716918803	29.21013035548224	30.12208372027577	30.854159999952778	31.359865512566078	32.20882272705261	6.382573568982512
22057	60.83586430764952	61.44840577191504	62.47226855974946	63.42712661834508	64.1175451791711	64.73624517014335	65.39969927014344	65.99747365290733	66.63833414618018	67.19667844941098	6.360814141761459
22005	49.71112169559693	50.24775321889746	51.60254083865631	52.24347360665616	53.1376977555643	53.74989363938203	54.37939958314179	54.71271005303725	55.24418758778332	55.965665668067366	6.254543972470437
06029	16.42017862080088	17.457331863799737	18.37868246346506	19.47691572557821	20.208832528360283	20.706146367584328	21.061655518232584	21.524691324067028	22.030188853818768	22.598851114163896	6.178672493363017
48303	50.8140225456637	51.48693717900233	52.31537764355226	53.136911370300886	53.68570562487211	54.406631645790526	54.99177719591665	55.64178231455502	56.08320306119796	56.944843139168896	6.130820593505199
48061	23.515721225745796	24.02264699892242	25.142550858162128	26.08986774233149	26.80385723657633	27.505491913403684	27.760451359206723	28.25276719791156	28.82340859043534	29.552794397565044	6.037073171819248
48121	26.459909219989605	26.839052232153712	27.67141224163435	28.461765628584676	29.468341568716642	30.234169513272228	30.70507479148579	31.1713284466788	31.75916145871606	32.45701966916126	5.997110449171657
39037	15.354570185560954	15.74577348429128	16.233925713949013	16.854006388752612	18.231558046382418	18.80243612914378	19.19816067437777	19.980739222208637	20.71723912997251	21.309287308354744	5.95471712279379
22019	38.420445040030145	38.91377003536835	40.048476073784826	40.54863196416969	41.08489061627377	41.70706969429954	42.34042842946034	42.88668385533	43.41068436395272	44.37499848187123	5.954553441841085
22121	30.47907252180329	31.106678611295344	31.894534825551023	32.43810919379107	33.35863040585251	34.11141764896346	34.87422949536068	35.29031414461265	35.856288780540005	36.40531202798925	5.926239506185958
29183	34.364900649729165	34.64915255633861	35.6771870051434	36.54846684533378	37.004113943605454	37.58209944017222	37.995440004078105	38.694774235822514	39.17171731906538	40.28712893868612	5.922228288956958
18141	27.425516418293455	28.36866677448933	29.00148559525376	29.75975238490357	30.141511323589917	30.448217536138863	31.158045005371772	31.62616661466655	32.20010868103513	33.21819361939586	5.792677201102407
39017	14.60583406262156	15.51909196371486	16.328589744944658	17.248384559711553	18.060103015634148	18.50907474980093	18.729137474579236	19.151512567393464	19.72753900824518	20.386775546072712	5.780941483451153
13021	16.37638394246376	16.826681110753345	17.4369088374319	18.075918389671884	18.81621502357015	19.24226536952393	19.849343821803	20.63313571323977	21.250005311667685	22.127929185821774	5.751545243358013
36079	57.40083098020054	57.89209064824891	58.44742448678612	59.00309039911079	59.40163504975478	59.93145031792609	60.470379024552	61.437733153427175	61.90564446507213	63.12587748828898	5.72504650808844
48329	12.333568740571124	13.35596733465126	14.053990499456038	14.687579051852271	15.349957717332357	15.762733959077558	16.235689297183683	16.69330691352064	17.316406015619336	18.045314781689633	5.711746041118509
51810	18.254041639576375	18.745396236236044	19.66579993416108	20.791386957170605	21.23520671384818	21.64901085245396	22.021065148914072	22.467614387772507	22.93893711270718	23.914659219246346	5.660617579669971
24015	14.30738267335609	14.809113992354005	15.533689824316772	16.321417076425185	17.066461605825197	17.734299287479367	18.1448907853855	18.664707244446944	19.15266806400561	19.960146656274272	5.652763982918183
39007	20.941075241924768	21.623736001135455	23.244364596247195	23.880351289723638	24.193323029013847	24.49735876201744	24.826160876536058	25.25509648248405	25.84021475784208	26.548099590902847	5.607024348978079
05069	20.631741229068282	21.154317743340535	21.630682911263538	22.356303126938446	22.653487752800757	23.44517023123768	24.296952586983377	25.39167351412982	25.715384621641213	26.217452304822654	5.5857110757543715
09013	48.592306184314836	49.3074524550147	50.3273223121934	50.85853855958844	51.43948985288402	52.01064619868116	52.40140999269016	52.99571433227879	53.370396286730625	54.17631069450732	5.584004510192486
18059	20.64167840770128	21.27422068763203	22.199832828396588	22.902557892878008	23.50474374861632	23.83750341465129	24.389769634080224	25.1717132134829	25.6128090283531	26.183315747171495	5.541637339470213
50007	39.11975654898524	39.86338323555836	40.4721635901711	41.242334043537	41.61431837402028	42.22103086673289	42.72241205302587	43.304241958098515	43.84966492112778	44.658973194219904	5.539216645234667
17007	13.655444577714556	14.481181675634609	15.176987294890036	15.730921594621137	16.536602581402548	16.897583950890276	17.301118205096206	17.751134016639966	18.405971854581257	19.16537514689456	5.509930569180005
47037	33.39578892631926	33.970478739081805	34.75940776864467	35.292541652708444	35.746722562063056	36.243836230691805	37.13395549659421	37.672174032591855	38.48213220370143	38.90455191837178	5.508762992052517
36021	26.664166733025503	27.11896832542081	27.844600873822667	28.40083772473863	29.4507434350243	30.108252643690655	30.573948803674142	31.087322809122988	31.46280442090208	32.17031024813827	5.506143515112768
34019	46.44315546373405	46.88407181566386	48.587065830192145	49.50020293756542	50.02047625901439	50.370094313986954	50.68408728401019	51.08281726593641	51.41364900186042	51.90316145733347	5.460005993599417
06095	11.310111807387006	11.670028029379129	11.958078577597753	12.277536439670257	12.991325134991904	13.410985202425232	14.680679328762443	15.811000499207939	16.318309777816705	16.69715419372082	5.387042386333814
36113	22.189487880815484	22.7062021510489	23.55248679023506	24.281960980664337	25.037919615357787	25.421764819379376	25.914739540161595	26.40359237455	27.00918386649688	27.55632521469498	5.366837333879495
36065	26.846178423912	27.305295225710587	27.84508974606478	28.649748300536938	29.220878404849756	30.083201301589828	30.472075393797144	31.053477795542364	31.656376974474387	32.16120830586145	5.3150298819494495
55101	17.804078368735528	18.708121447833374	19.559519223678592	20.193891354692898	20.577601545292982	20.84220306982934	21.164925152238055	21.64524135418584	22.163336948633646	23.049192877540563	5.245114508805035
29095	31.56887470667537	32.0701617067922	32.660714458998754	33.34470747350876	33.92273102820311	34.442266385968786	34.90983123719224	35.62225556274749	36.09085589092278	36.805056708153494	5.236182001478124
01017	22.28421230276513	22.690893520611436	23.311567236957615	24.136467016871155	24.54324371822484	24.887131050593723	25.24598827321212	25.718572362856115	26.012160141420797	27.50508288383695	5.220870581071818
40147	30.604645109794884	31.065983473559914	32.04320969040846	32.74624467731272	33.40830472635673	33.70929500569914	34.22592080254666	34.729193733240095	35.09902605201545	35.815284589126904	5.21063947933202
21117	27.333368282558833	27.68818718652905	28.208805446677093	28.77062484068369	29.637588872260196	29.966226406227666	30.3490171001655	31.09156685872038	32.035689419934414	32.53660086719315	5.203232584634318
51085	17.73903045937015	18.282966078785943	19.26623607997401	19.999474488462074	20.476133457081584	21.073608715241324	21.339107315120547	21.790927867495558	22.378013903585366	22.916600633114818	5.1775701737446695
36105	27.42427679556104	27.91047685752017	28.469628238011282	28.928060183867803	29.388321690570834	30.16395290212355	30.690792029361667	31.343828111936052	31.910439402533846	32.5817274578674	5.157450662306363
40143	37.577419304323584	38.05962855614845	39.00036022694449	39.39229876133478	39.86201042298263	40.332042631214904	40.708680924705256	41.40867817052282	41.76636270128252	42.69307866739737	5.115659363073789
55105	14.434612991515731	15.503235546623305	16.27765795632892	16.749195987006175	17.279049558814755	17.606034330707864	17.866896480102795	18.226863710744308	18.673980552165624	19.502062613311438	5.067449621795706
31079	36.657527017295706	37.10246767204268	37.94393438654207	38.31955924364946	38.75213117116608	39.14547511528437	39.99372653116567	40.542581160557766	40.97332605408161	41.70225969239146	5.0447326750957515
39093	46.431557467904106	47.0538090956182	48.196578548734685	49.08679349720912	49.445775630903775	49.650887428643685	49.96609111997028	50.477459878926545	50.8393640532592	51.46876148661618	5.037204018712075
39003	30.24938161897294	30.740599456257552	31.28219290080426	32.0935990347872	32.9586308184863	33.290932577905664	33.92877943962526	34.435514556001074	34.87543892488277	35.27950859612663	5.030126977153692
22063	25.458795912873583	25.851039950776748	26.69722393236309	27.31469247659678	27.864056321303522	28.39467761145937	29.186579341558495	29.63968955295797	29.970197754093586	30.468462468312257	5.009666555438674
22079	14.354231860378107	15.510082708882464	15.87596799472685	16.3148950608388	17.008778182394312	17.60422636546899	18.073666799124705	18.480874541601285	18.997452556378782	19.342440724946776	4.988208864568669
48245	26.092143455883836	26.730643659095822	27.21884068549046	28.434002019592146	29.01267578042188	29.537455530083527	29.908761656277385	30.20663706064299	30.68637328803365	31.070194357631227	4.978050901747391
55059	17.531692219252683	18.208205194053896	18.951613698446955	19.665881504698753	20.066654590585408	20.37943057711678	20.722783681619738	21.196943261550043	21.726185985644996	22.496176295841433	4.96448407658875
26059	23.723215039865455	24.40096349463082	24.881032867626736	25.30112327822225	25.64121654544197	26.138317288090597	26.82584707295251	27.557461777139036	28.13440551277845	28.683952387131015	4.96073734726556
47065	14.767525077439098	15.460094831176951	15.952780155025806	16.26527939682829	16.553932051288637	17.004878140693943	17.847138934053852	18.418573470107205	19.092903662481145	19.711442639960385	4.943917562521287
06067	51.32836234971032	51.760470295876615	52.38566781955624	52.94768853888284	53.4928903842798	53.98852601145529	54.83362908482397	55.3745718748332	55.73943728543414	56.27218591089322	4.943823561182903
20173	20.604207343061862	21.047430728993728	21.428709546736485	22.108686838020816	22.708087944674293	23.285146030422652	23.723282126763138	24.49901300117471	24.91060979967271	25.511571441332354	4.907364098270492
34033	19.526694236186742	19.972247984332206	20.73693107895076	21.315142625304315	21.90153988127387	22.245231433191037	22.988162397589257	23.376437026410088	23.820793835603666	24.41807561604284	4.891381379856099
45027	28.541172921469407	29.23891223807066	29.871608822077413	30.41533670384222	30.9477372188081	31.214371325934746	31.804025109906448	32.37204239861683	32.886054416832664	33.40231638952602	4.861143468056614
22013	21.493947561937134	22.054938483834874	22.788471437932863	23.297763386493653	23.893529564541392	24.395014994251472	25.10499642475699	25.475170071737296	25.918956516503886	26.267560748720037	4.773613186782903
37085	14.28066475128669	14.732818465360612	15.52670569157142	16.19851079177031	16.815376250420712	17.157290213646924	17.44972301078622	17.809096074794542	18.28356756104296	19.023730721522504	4.743065970235815
06077	30.429709160220128	31.01957055812411	31.841024775162705	32.54396435800405	32.97981765593344	33.32343243100771	33.78422713585012	34.259032312928575	34.624572403616526	35.129613430174956	4.699904269954828
04001	11.294301534840976	11.90481401262427	12.528692593537547	13.058569760769755	13.676181729291484	14.168787996557706	14.647868529158929	14.887742029885008	15.191482856988316	15.946927628444952	4.652626093603976
13057	19.462637418639332	20.00931855557448	20.461929337597287	21.195853471742552	21.576615419241598	21.989731006857724	22.52722834870727	22.999792050323794	23.567944630310144	24.093182288772095	4.630544870132763
08035	30.73921955412374	31.17092099214114	31.976985110848915	32.606066753522725	32.927007756933136	33.318684176766645	33.67078510302487	34.32825599570587	34.74488932595347	35.3311699139702	4.591950359846461
51700	11.179715342192758	11.6816814579013	12.321353944154916	12.906995647991817	13.341329887563102	13.717875886961433	14.043873118443122	14.42337811757214	14.853268305898945	15.75840239328108	4.578687051088323
18043	30.508825398930455	31.08280533401447	31.795464393814164	32.111545283277216	32.65980279806275	32.959953855895506	33.55348895943687	34.11514036475552	34.46421892187098	35.026044483820584	4.5172190848901295
22111	11.296664834515854	11.61618790233037	12.374374835312217	12.672425859701969	13.074206032718589	13.61649267333109	14.174311830105436	14.647986342935909	15.019245422793238	15.811103648724584	4.514438814208731
06013	33.87200783867366	34.39304105896819	35.080901107482845	35.61129510138443	36.128698594122085	36.56960994669588	37.00449563722006	37.50254599635951	37.816271567953365	38.37291244019391	4.500904601520247
12127	30.48935226393832	30.668682708087303	31.448407487605824	32.28245332444945	32.76916397464388	33.22029016061822	33.7449272656991	34.05810983734376	34.477553812265306	34.977496485551356	4.488144221613037
39133	47.154501684648125	47.672775821472314	48.74316750761891	49.361084883548976	49.675323063628056	49.86518251428931	50.05832188707623	50.60133462407507	51.167319533010904	51.621989627917344	4.467487943269219
51117	11.331481394007925	11.672005946216217	12.136434642383076	12.655286211620556	13.423241745264017	13.887619622503927	14.338158310546971	14.894175200611135	15.347321067274121	15.794930052574975	4.463448658567049
37047	15.313287314290571	15.923212391609242	16.71205378552323	17.459564116313313	17.789580087353595	18.20353375580947	18.433089858084447	18.661244169969486	19.32399197350872	19.740614216443582	4.427326902153011
06111	20.339382309174887	20.7519364923493	21.419213017410236	21.94286892403873	22.36331398949281	22.585482999056993	22.992597024631067	23.59041744394771	24.221505606847877	24.759387135398256	4.420004826223369
18035	20.650591484939174	21.139421892003437	21.427452925949414	21.76726486980273	22.149839519283844	22.69266927536268	23.25563994139323	24.25892963473952	24.725455942439744	25.044550661408714	4.39395917646954
13093	13.202027720089863	13.897484829828247	14.589412260563144	15.359754535041311	15.56790244670306	15.967947930951173	16.445451332290343	16.86097083456724	17.254944048972025	17.576512760580727	4.374485040490864
18011	32.613482584592504	33.227823733382785	33.71240158350433	34.19881041529153	34.817399468290716	35.263537422879715	35.75971706652566	36.25616784993997	36.4572763278421	36.94466654569237	4.3311839610998675
18019	26.45118770702027	26.896268871096105	27.61882880371838	28.071340327819737	28.512184667474905	28.7809821955547	29.457132811708867	30.046221438466883	30.278231052781276	30.773603455105665	4.322415748085394
17115	16.301018005986602	16.887529421129262	17.52372795410292	18.022181996126413	18.376327022770507	18.68254032324497	18.923336287974045	19.47390058138473	19.97262169460477	20.59660805512536	4.295590049138756
21107	27.481682569572307	27.97653244384576	28.600428942975373	29.153703839642017	29.410532306559826	29.836140647580002	30.621730315935352	30.994837284493897	31.535871048276984	31.746527417154432	4.2648448475821255
26115	18.52734219516855	19.172492606246273	19.617812957009033	20.113013637755	20.46646233582136	20.74029948206339	21.0880811438938	21.815522926925386	22.299649148979068	22.788561825183518	4.261219630014967
18117	19.342950750768477	19.934690809730427	20.709669350226015	21.21704153957532	21.77057311990042	22.306390078435683	22.51325308193044	22.837492129386625	23.18918394761816	23.586441476308472	4.243490725539996
39173	32.327748598989935	32.94977526015905	33.93630346132292	34.56959951960614	34.79251012964048	35.03653091159455	35.42141508145071	35.68092056659125	36.13598967574021	36.540688543434065	4.2129399444441304
26155	18.293679066586932	18.875627840891312	19.277141529452315	19.82595655910365	20.7243835303082	20.976568313312328	21.52644399305765	21.867900635918293	22.173347718495958	22.475867417268606	4.182188350681674
16001	22.48996675367363	23.04140097888015	23.607203934598793	23.9685773560853	24.25908061947725	24.835423123892173	25.38343385235363	25.798211450075616	26.415716365594886	26.667995680913247	4.178028927239616
26121	21.400942884241985	21.69688909333672	22.29258147999441	22.70915997867747	23.285500174749792	23.67116823677237	24.108626355587916	24.617860643000316	24.999660883822603	25.578811181719537	4.177868297477552
37089	29.450149272709062	29.812114624342392	30.38648539023363	31.073493342232357	31.715353943129344	31.981177193286562	32.30840013721148	32.61092352958401	32.941017687578054	33.623530527310976	4.173381254601914
06099	22.668510307654117	23.236891373409648	23.943347484538197	24.434013390760178	24.884119375214002	25.30837166949237	25.626598284504663	26.0733836965922	26.325571460691904	26.776539948616236	4.108029640962119
01055	11.185776377675491	11.386052433033786	11.84077853496377	12.260157323518529	12.874043059910498	13.56898701269922	14.033721641212319	14.305379181726874	14.637683928292349	15.276814656396587	4.091038278721095
22047	37.34535894421227	37.65346049910862	38.36654109862541	38.9032036528595	39.57078250510044	39.914331828597206	40.50115593488413	40.80758944905762	41.11865351322289	41.3916269904132	4.046268046200929
13205	33.294132665609624	33.58087931362561	34.17484527302856	34.52007196920188	35.021491921525325	35.28801734175148	35.82396090303249	36.09219506687611	36.77973623608461	37.277704224329035	3.9835715587194116
42107	14.167813045716446	14.687265317569002	15.340130162881861	15.95906956917688	16.61869511493029	16.99893411771121	17.139411312929067	17.264375999630573	17.54911825285969	18.12230449420817	3.954491448491723
16069	20.646116080697926	21.239052847794596	21.885510856703032	22.36086213933646	22.60654545895582	22.96396675539226	23.256174735227496	23.570907802052243	23.955337161316272	24.584786109817212	3.9386700291192867
17093	13.402127578793003	13.816424119992863	14.278040677232202	14.914263685449901	15.357153781844504	15.594750571087406	15.85568098733114	16.307860638992118	16.7173570701934	17.296535086330447	3.8944075075374442
28095	22.688974765178358	23.22274025523536	23.72503369230228	24.084490344131936	24.36589713876418	24.68522954129469	25.05942492817267	25.562578852803593	26.13567024608669	26.58294599069142	3.893971225513063
42025	18.161870541880802	18.482058650908478	18.977876546071045	19.44148870933454	19.726895865261067	20.039175297672394	20.222646538774477	20.59341439967648	20.88614345762617	22.011138932621567	3.8492683907407645
36035	12.378853558121705	12.701851890302347	13.19188308673911	13.687865767800927	14.15403918060306	14.50354109003401	14.919458284219697	15.398650586935776	15.7526205899157	16.174865748289577	3.796012190167872
18173	21.628696781579457	22.17241139536679	22.609871049241004	23.045747587807135	23.354479717198924	23.672358775107135	24.07236933036492	24.634177230108044	24.97613879355442	25.41926221662419	3.7905654350447335
28109	25.68254420877871	25.955774009740928	26.658479433871708	26.994122224416685	27.594390774073315	27.762716454675395	27.996747341719917	28.42236576427212	28.641179912590353	29.469855382872606	3.787311174093894
22055	23.356665614685475	23.572942357016103	24.351478833925846	24.675561938144	25.23424355810607	25.620724677124606	25.983231465939603	26.40567503483089	26.653594773098437	27.10172252775941	3.7450569130739346
45051	19.221798864025395	19.553510680129744	20.000096210021237	20.517623837915615	20.807976932090284	21.24372707640494	21.547614027849587	21.941094344878795	22.441958742758096	22.934502272700744	3.712703408675349
13097	13.316893045141585	13.778428615242724	14.073769251723535	14.558957590058014	14.732191287332927	15.34571904950096	15.792454906635399	16.184997048184357	16.63802083430697	16.965317749574755	3.64842470443317
26065	18.32591514886782	18.515794818820606	18.99125074515642	19.48026083537981	20.040057836384875	20.33407273218184	20.726963281145984	21.065866967026032	21.409182761606843	21.967265812210183	3.6413506633423616
51800	20.643772939526187	20.943707629425205	21.57100458094043	22.14914795215624	22.606849032935287	22.778394468535655	22.932129262938403	23.309639340275986	23.55861858903218	24.27788365642583	3.6341107168996416
18031	30.18583193247353	30.64663201357607	31.273764412733385	31.567869715545942	32.01154771349822	32.59301350808221	33.04440211554417	33.351164324651826	33.574014657803296	33.80575636905395	3.6199244365804226
13153	16.379644659873065	16.68587608176109	17.0976961622452	17.624491625485675	18.042172968263333	18.389324696244973	18.82453333313616	19.247222463388216	19.44670078184222	19.935277610260723	3.5556329503876576
13137	17.70874676392901	18.145932537361197	18.641297493993267	19.38969717150915	19.582547402509864	19.7078072469475	20.058593280216026	20.530887655302323	20.73458335789703	21.244728585649764	3.5359818217207533
48139	12.234188123211359	12.435291784547811	12.89684635430809	13.34313938472334	13.963768912716375	14.438515040781528	14.649742051325712	14.946499090693212	15.281617740406158	15.73750095721005	3.5033128339986916
12033	19.212964926265872	19.36975120450407	20.061991967610453	20.60869743837424	20.83901011598882	21.10158023081003	21.384331530630543	21.826171294417758	22.134129300677735	22.700600969461515	3.487636043195643
55133	24.36996504185933	24.707134657184845	25.372244598678364	25.83954361235773	26.22132057933742	26.486469437823416	26.73041936974331	26.972558544291587	27.253150576414818	27.808568474905762	3.4386034330464312
45019	12.237885997633448	12.490251481737383	12.73595127263862	13.107289313459551	13.616748644225325	13.943881609762737	14.594638854769997	15.031746709408058	15.495935480101046	15.671505895853088	3.4336198982196393
55025	23.415424587262493	23.780665590690823	24.434591839204035	24.802400303502694	25.31599586988549	25.569758697879376	25.763689300972224	26.01796823215216	26.333154581147713	26.840692840439804	3.425268253177311
26075	27.3156555438826	27.48961166139109	27.88810050129319	28.305004816961027	28.761207010925126	28.93542596655596	29.55094986433753	29.933803308109493	30.240490384391848	30.7391821111988	3.423526567316202
35043	22.15973068987336	22.521743581845122	22.682565158516674	23.016821571120882	23.467815345579943	23.936657204477918	24.45168067347776	24.79392219707916	25.166524472419223	25.581169477349015	3.4214387874756547
13215	16.496806192301438	16.858230788820105	17.11482405872988	17.273044518193842	17.38595994445944	17.801492347571457	18.348093041890255	19.26760736076816	19.614600757547585	19.90687501280291	3.410068820501472
19171	14.483876176847142	14.798475312779743	14.952335707438085	15.39500486018035	15.855109478029771	16.410972732733434	16.96053800483677	17.266491309872507	17.563513130977846	17.86660315471976	3.3827269778726166
01117	18.199058406520166	18.539413225598153	18.96293064387145	19.403386685594455	19.664481992005516	19.862349644593685	20.205498442144247	20.626105501108917	21.024992520756214	21.580286602137697	3.381228195617531
13099	28.400745257639954	28.77903416489641	29.329286795544224	29.603452546169876	29.86761258752618	30.06272602216842	30.53976599484509	30.90251145198879	31.14539913902648	31.76169242253822	3.360947164898267
13299	13.249691819791462	13.66439734910737	14.000411225074036	14.57424528783148	14.765561504834542	15.023792595002037	15.576940728254783	15.843579005695029	16.16931269435563	16.5937311520521	3.344039332260639
26137	11.298826301428646	11.54485043512159	11.993661629069862	12.381152691213314	12.719272371849767	13.183954661438026	13.669798165752523	13.885603836369665	14.325909405710137	14.589472638539078	3.2906463371104326
47165	39.32805641146578	39.80593197743783	40.08503740061587	40.410257808186934	40.65229658194787	40.97847965302963	41.43893774626953	41.87823375257328	42.40763393821637	42.58331561885404	3.2552592073882565
36093	24.117280082715926	24.47930777438296	25.124921928649186	25.43230618072728	25.89916791752918	26.08436459969241	26.385320465273686	26.68006761113152	26.95679335712066	27.350841663118103	3.233561580402178
37159	25.279316749802742	25.622896449612618	26.11205581252395	26.454507511049798	26.68229091479474	26.930411295418622	27.16497801802202	27.554143412810173	28.014032692520495	28.492092376140743	3.2127756263380007
16083	12.177690068048502	12.486814464701212	12.867965405667082	13.156577876078668	13.784575970718357	13.917282058251374	14.197445953189547	14.609089926662488	15.124251659226353	15.380618192110761	3.202928124062259
13045	20.27677825932677	20.567253248458485	20.977309918055788	21.458635162779885	21.61976365453533	22.043793666260697	22.560576216331576	22.78351102116995	23.25925075614186	23.44426330545131	3.1674850461245434
53021	17.223519206912037	17.481722855418006	17.859057216499718	18.331621052584143	18.741700373027136	19.00501970684902	19.25665051797611	19.592716366418863	19.85067610382362	20.318136620012034	3.0946174130999964
28001	14.377330883990961	14.639595557016904	14.959220308502148	15.101721498258922	15.42637621459082	15.85596699659579	16.319592262382272	16.6101536562009	16.775945691371632	17.466458204106345	3.0891273201153844
18091	13.518262202845202	13.807591493940254	14.296907348339714	14.68781160626347	14.89186688917462	15.109297178979176	15.553983561563221	15.883065956495294	16.178929546212117	16.571026189494198	3.052763986648996
06113	21.292868358557556	21.634781605399617	21.98747248965396	22.204831651497827	22.6642134476422	22.953225308692247	23.658350621167493	23.933021808324447	24.17807197546414	24.34332893418828	3.050460575630723
08085	12.234959527528641	12.65695443903278	12.940729187712233	13.166629676380277	13.596054877108962	13.823454924660666	14.2006565283693	14.546040972054652	14.920948895912566	15.281965752170048	3.0470062246414074
13015	34.36401324648347	34.7525575484523	35.10822760483819	35.495666372493474	35.70255266436187	36.11010916326215	36.59901508406362	36.85351239688551	37.20460529789187	37.40164561011355	3.037632363630074
48479	18.451069187847438	18.66463673009434	19.073974009239436	19.38802459924773	19.6835589841384	20.110030819823876	20.3005215811756	20.63175241022228	20.948264749239435	21.478481312800938	3.0274121249535
13151	16.297901273857512	16.595872295026187	17.00243210727735	17.436326759448505	17.62164843778202	17.917277248244737	18.339806840348402	18.72413123301258	19.054131091319984	19.31913778396585	3.021236510108338
48491	14.167145835430667	14.496710956189428	14.959174171401429	15.266075425414858	15.466319291949922	15.705000160952057	16.055807632258443	16.3840602107693	16.705014415447156	17.18363676692193	3.016490931491262
48477	19.24432258715177	19.51306065543077	20.198128641884924	20.55298624620514	20.7300706162451	20.929952149414678	21.037014596022516	21.366973122108185	21.714668113635895	22.25383116948355	3.0095085823317795
13009	13.377961782145869	13.634197083195977	14.017477489438823	14.390191992966228	14.575359499073882	14.79037700044765	15.313569655782757	15.714536908094198	15.939474568584878	16.379659092534023	3.0016973103881543
40145	18.30325393490009	18.58578265860227	19.133155795729202	19.434646717676593	19.691607891950653	20.02490931058616	20.20929103318656	20.54739531675122	20.766555000664063	21.295744390015827	2.9924904551157354
13051	14.161700952148113	14.408679583380493	14.603580353815461	14.940713389111268	15.589403307214127	15.797629585192006	16.317215093297673	16.62483360329032	16.953683791679307	17.15220444794756	2.990503495799448
22089	44.27561976772436	44.51069910638337	44.89759067796869	45.125095534407336	45.47520527160608	45.80691201092785	46.268399947163786	46.64689442284464	46.955700666298874	47.2576055485658	2.981985780841441
49049	12.12147665711485	12.544512632591061	13.064339796986467	13.533765086357874	13.850943516693125	14.041182471508852	14.305242689040199	14.444376477415243	14.71332200599525	15.103218251253352	2.9817415941385033
17161	17.32752654827941	17.610843248166045	18.052018441449015	18.48358920786677	18.840346042591243	19.311609010303787	19.477130207834364	19.71902685718967	19.97455450322776	20.28050770240477	2.9529811541253608
22073	26.266060053039723	26.582411265502273	27.04829304399966	27.219839567830284	27.456273174541387	27.81191116790983	28.193014791781657	28.450205939261032	28.63940037460409	29.207623397517917	2.941563344478194
12111	26.428920319063344	26.655608644520896	26.960999296648815	27.196960523582007	27.355725637036887	27.629630895411406	28.03141058373708	28.630746158100308	28.81818406659977	29.34915087581323	2.9202305567498854
28085	15.427586812470592	15.839494982418007	16.252342965082114	16.66902610538575	16.874975714177754	17.20471197979568	17.400140060130692	17.656870761084654	18.07441462288578	18.313222767487854	2.8856359550172623
39165	14.375724776445862	14.85801458615419	15.501564985018316	15.976076568597676	16.22281683072375	16.39526959175644	16.4958436595903	16.704245814438167	16.942074371028898	17.255396907768752	2.8796721313228897
54035	17.24063420073832	17.615063767151646	17.87938991877714	18.15476256925203	18.501378076558932	18.877932486010167	19.278821991772226	19.595295803303806	19.91027639226949	20.104367941246345	2.8637337405080245
25003	38.49097692821232	38.965197640841495	39.229302498050195	39.59583207021949	39.841900841325284	40.149677458670745	40.498541873401145	40.86147812763871	41.072933200127046	41.329031147669674	2.838054219457355
42103	22.127367613532282	22.31922745022806	22.778030375469854	23.237226668961547	23.546097410688994	23.776952020513406	24.05870085724461	24.284712833384145	24.51708204828679	24.94913466322266	2.8217670496903793
08014	18.33931132660117	18.646524029782235	19.17551906349229	19.397939095593692	19.626106853169077	19.838530604197697	19.97089784531702	20.390359972576206	20.717785808826854	21.156987377181963	2.8176760505807934
26103	11.54492457175875	11.919088804696866	12.265953745495496	12.64003889486815	12.92081430138331	13.274372676818471	13.482644107235105	13.787773367185025	14.07527911495226	14.352363390048954	2.807438818290203
21001	14.239133229435682	14.598013026743901	14.867273467796913	15.000378562563695	15.31972547587641	15.425117653576839	16.027745567601382	16.37744651997853	16.758352793636227	17.038801997997272	2.79966876856159
37025	18.25662608756035	18.56249012248583	18.929693738295505	19.166383050508113	19.45611748388378	19.65040841941946	19.783598719127042	20.23041793398443	20.45790348147226	20.959738208300404	2.7031121207400552
47149	15.071045761224871	15.383615971277775	15.756984170966126	16.025948924223037	16.260091386809787	16.492196220665875	16.919037529277226	17.17281148901251	17.47524952629036	17.717759841470812	2.646714080245941
22001	12.24319650452765	12.424177640845235	12.83536541699516	13.025683780451207	13.429542176227246	13.689084913007356	14.035704116883293	14.350522635311828	14.527110829839167	14.8886866687708	2.645490164243151
45013	13.26553621348456	13.492617995856925	13.68771866128057	14.084981228112245	14.244847109658464	14.819817790282658	15.231844934474395	15.477578219728041	15.77336608017195	15.905873669365665	2.640337455881104
26093	23.314408977171393	23.590649573399173	23.828289547913997	24.30625425287797	24.80999363471051	24.988653343161335	25.26710420585177	25.490441731061757	25.72217851379853	25.949632334414325	2.635223357242932
51095	16.33990245768851	16.69206401181505	17.109399998649636	17.48107873431445	17.62877497075775	17.856530921266668	18.0863350678803	18.285085842177548	18.59939829614358	18.960942733642636	2.621040275954126
08101	13.174219759138136	13.460335274783288	13.840847593512912	14.10655943635033	14.330167495241195	14.532809846941225	14.775991321836196	15.060390968444597	15.380365672196607	15.777615610340732	2.6033958512025954
12097	14.295685224092505	14.453032528335738	14.793204312375146	15.160040201854677	15.37877518978874	15.667912304560458	15.955313937057873	16.223250726314518	16.521545991889795	16.890954680747942	2.595269456655437
45015	16.195906217892638	16.564774394733103	16.87214403976039	17.243409910889238	17.68326292714885	17.8006501860964	18.214480440552364	18.434030642991615	18.590151290064206	18.752675320171726	2.5567691022790875
37023	12.248123793018472	12.467538880760724	12.793088661599008	13.027620407269104	13.169866638384603	13.351580404387008	13.868388204067795	14.13849403775386	14.398322578247457	14.778527123350173	2.5304033303317013
06041	15.41305919602586	15.66951436803706	15.842676665460568	16.073938191585068	16.228000723530506	16.549232856348784	17.0497868546187	17.37056431733085	17.559282577394615	17.926589669940494	2.513530473914635
53057	15.325420617904062	15.532518164051934	15.895959385940163	16.135143439873726	16.432546288210585	16.7076580873654	16.926843583401684	17.214238462956693	17.38845281220493	17.81756279784192	2.492142179937858
17133	12.213653216712807	12.479864738758309	12.82461458391024	13.138747652714184	13.42735907875551	13.720323462479222	13.829608719092713	14.123898394511908	14.389631032716139	14.704441644715578	2.4907884280027712
28017	11.176836934215027	11.414291711426696	11.875237362153413	12.154108235328678	12.377691316857709	12.525032677360885	12.841735085112534	13.108107072963383	13.402676686308522	13.666887676767665	2.490050742552638
13115	13.225356651576233	13.502615156816645	13.890561872746627	14.040762499930235	14.206111090085873	14.412071437789404	14.853603666321925	15.187882986178465	15.336246435546412	15.702175923507223	2.4768192719309905
28083	19.16669211026473	19.307147917227535	19.790752671943395	20.162174531429738	20.3823066398323	20.50880697817213	20.60006054056924	20.900535001206336	21.100503389389075	21.630962546004316	2.4642704357395857
22037	21.291892354047764	21.443921337379418	21.98181885535069	22.23575079263516	22.60071233668465	22.782177028519904	23.152712297252233	23.29678913990725	23.417781118263655	23.739245854592806	2.4473535005450415
33013	11.272526805627551	11.507401565827694	11.833556941628634	12.173655880587038	12.602289894579231	12.88040264461568	13.08087678262153	13.24262944534739	13.479786941684745	13.701205313082449	2.4286785074548973
13113	13.146935075837108	13.376883424688522	13.723964338634847	14.195315360240583	14.382807501337886	14.560129681138582	14.875052070927913	14.998092681325197	15.259395123345342	15.559685182746462	2.4127501069093533
18145	17.294505294552632	17.543731879237058	17.859662123156603	18.10671716617516	18.45676052360634	18.70200384609875	18.935870393843036	19.232727005583794	19.474014061791497	19.686978072906076	2.3924727783534436
36115	14.167274504637959	14.578055563222147	14.9280501166014	15.22789521904577	15.363598336269598	15.494997786053556	15.807708414991698	16.02390294678638	16.339797792984434	16.556065021808653	2.388790517170694
12117	12.341227939124595	12.563252971641909	12.951499917845478	13.420560126853609	13.772132608233207	14.02080526848125	14.250542099146656	14.387302810862147	14.561454592142017	14.716792883021345	2.37556494389675
42129	31.20868590642536	31.397669107206422	31.91306129650153	32.12023575392248	32.30870030596385	32.47484271888569	32.673025036720944	32.95644592879416	33.11977323002207	33.57673642790595	2.3680505214805905
37179	17.285130153255494	17.571303184736497	18.02337808550943	18.33470994990971	18.706812244106587	18.842780596359027	18.97431519076258	19.20604601997055	19.29802618234823	19.620770405629017	2.3356402523735227
39167	18.32532953614846	18.698765397300573	19.236686533771717	19.412417108545878	19.60475232983869	19.721476444565855	19.843893356518045	20.1268052909493	20.270883878750798	20.644275876283466	2.318946340135007
13069	11.234761565635987	11.491712877868352	11.783231161088446	12.0652402619615	12.25832540222099	12.385197337986368	12.792815224976694	13.004323521436477	13.29076426839726	13.550680696065264	2.315919130429277
13129	17.300469575101644	17.54126928491061	17.913393820408718	18.037266632588462	18.11707591334242	18.31774899342037	18.778075049907386	19.068322514889797	19.26353645202527	19.61212976089697	2.3116601857953256
17077	11.177164756487347	11.413204736957207	11.831940409584536	12.15814223306143	12.310764938293309	12.448915854708737	12.524091187891173	12.870492848650642	13.115508877580524	13.483370218605813	2.3062054621184664
45055	13.326372105557136	13.594537497255459	13.95574670665403	14.155904324353815	14.431433973744452	14.532140613689304	14.869424906527822	15.15122403390248	15.31533918017798	15.63208499577324	2.305712890216105
40027	33.31774120046351	33.49299780145468	33.81183774014956	34.14508709501531	34.38592473614881	34.61698095599109	34.8169659431206	35.020771661869304	35.278956803405855	35.622027081068126	2.304285880604617
22015	22.29678150309597	22.430147765863698	22.855213052745825	23.153088920729953	23.458905675214424	23.68081397783677	23.99920944571067	24.208552860146256	24.382765777332043	24.578919464872932	2.282137961776961
22099	22.24327802434901	22.373880126868944	22.885415241041667	23.23888322591304	23.4765877369949	23.664629781991223	23.91107409245836	24.07599079468556	24.26928312586547	24.474718836811192	2.231440812462182
18061	13.211209005062976	13.525450830055195	13.793111869366296	13.936541450108118	14.12794971518796	14.244215346937299	14.592221600889973	14.864944818400641	15.177328904414328	15.393833788735524	2.182624783672548
48167	30.283750386251363	30.44032997876734	30.860359973471244	31.094492090770398	31.4881487983806	31.84524960712467	31.970449427770763	32.07477328159503	32.208751077309145	32.457061059109506	2.1733106728581433
41067	14.294085975473164	14.597591330100869	15.015845720621854	15.194717909692192	15.352274635667921	15.558450592137937	15.822553255031169	16.044708803040642	16.257276244111072	16.460429398097457	2.1663434226242924
48339	17.256676836453106	17.469971109946904	17.877359321661775	18.12046508515285	18.37673616130707	18.63893725964205	18.76235473835152	18.984076559240236	19.18370354433214	19.38923037482699	2.132553538373884
18053	17.345203144653293	17.511241930792558	17.81401668745107	18.013292216986457	18.2482064178828	18.414338979167397	18.774963653114614	18.978676935462598	19.16095794064878	19.455847540423495	2.1106443957702012
53011	21.35002754852249	21.65246400507708	21.912972129387732	22.259090717054253	22.42653137942376	22.61460812746219	22.765680582988583	22.91998771416453	23.10966766225982	23.4133586798929	2.0633311313704112
39103	18.112852816900926	18.326449944542194	18.80407651835108	19.096821418089498	19.214684895662227	19.30025504177466	19.447281963286866	19.629365275015417	19.83711483976436	20.121498037310776	2.00864522040985
13059	14.153102976510603	14.274077831404783	14.454807099006027	14.701755399729713	14.812919809156584	15.119052796228093	15.493970486544333	15.729673319107832	15.97706556101345	16.153218639044976	2.0001156625343732
13117	11.208526667851919	11.401794476138646	11.567315834642804	11.949948201133381	12.120829342358897	12.291059183750352	12.623047347533886	12.744833440225225	12.999501120255257	13.188395509542644	1.9798688416907257
18029	14.183732717899714	14.446850992950992	14.727788838288644	15.063387019109323	15.210715303681514	15.353656892040892	15.48639106996927	15.643025362792478	15.903405059505783	16.126644732402323	1.9429120145026086
18113	16.142689102620675	16.440348797972153	16.585593700170293	16.764919367380593	17.060899190414645	17.22892071192335	17.44415978093846	17.614221214001546	17.820903199610104	18.056048329289236	1.913359226668561
45085	14.208076040391903	14.4753893141916	14.837264260985831	14.941273448062136	15.028689025384088	15.154609692536622	15.465352083594365	15.738614415879418	15.867190832110944	16.10078174437531	1.8927057039834079
42133	14.10386111499329	14.263934359652058	14.592555877274265	14.90459117855451	15.091982163653483	15.187687220791439	15.329959788508821	15.500313919565276	15.637987028954775	15.987053902170128	1.8831927871768386
22031	15.189778305079747	15.277284382601021	15.482057925709826	15.616692472019894	15.851947176816855	16.274976047361125	16.44000243934938	16.556727605395913	16.74832945382101	17.03837938416556	1.848601079085812
36101	26.176144289211003	26.310622403258495	26.554743651106197	26.914148585525947	27.025821082900826	27.17496277741929	27.496682685111814	27.632233942585806	27.842208301143835	28.00519577102569	1.8290514818146875
29071	14.112482436405521	14.201836927343924	14.4355655162253	14.781392176457324	14.98184882922402	15.197003020368117	15.355864130201141	15.501741652687052	15.65589465711536	15.934245254376853	1.8217628179713312
26037	11.164802542185344	11.25094116389621	11.385617257845734	11.576352281086123	11.879779940484914	11.976962264665083	12.247150001564185	12.476530516591117	12.64311381181617	12.950689760279387	1.785887218094043
36091	14.079622264506316	14.310684434939075	14.680814377600154	14.84039235233475	15.073890645285665	15.148516203948468	15.300994308339316	15.435542151112077	15.580345209071517	15.830211396681367	1.750589132175051
13321	14.129916765687177	14.285760646969715	14.594057455151244	14.710379731976387	14.80476326427301	14.927613905082275	15.158294973950136	15.412028803621304	15.521870802658894	15.86208150939702	1.732164743709843
23027	15.191331146961954	15.30930743146958	15.469387026517973	15.8474513687148	16.21898285939409	16.30323474247216	16.50596256046486	16.6016408509064	16.73458675190726	16.860758851710663	1.6694277047487098
27169	16.193718848919058	16.31596867586013	16.479144392408802	16.823358581521248	16.984493183564602	17.09372436402287	17.17391035701617	17.359316344125165	17.5796976080815	17.855899223241206	1.6621803743221477
26025	18.167439560624413	18.343482979197642	18.44015136574569	18.522783766848953	18.81608480396513	18.945184014123924	19.29836845543032	19.523962066986865	19.673305264165414	19.794023259375184	1.6265836987507711
42075	17.170635559836114	17.41220599110411	17.714855709400098	17.968357808851795	18.09271019837045	18.222593453629813	18.31162024238008	18.360985107023776	18.48173685131144	18.78585698823594	1.615221428399824
28059	12.12954604969467	12.249764348844117	12.641801302697413	12.817105996065623	12.958770717639041	13.03804257190886	13.24903180461709	13.412286953500356	13.549731557843462	13.738310995243795	1.608764945549126
13071	11.108802952338367	11.234843798135794	11.424357447377623	11.602707892875546	11.713658103620771	11.785603203042331	12.086959626052767	12.295454795050423	12.477932186446917	12.628474688367593	1.5196717360292258
27137	13.16622734893923	13.320106876473135	13.496859938881382	13.693599997958362	13.852263262857576	14.018524972297342	14.269418628129264	14.445898117178926	14.573281272244145	14.680122104244838	1.513894755305607
12017	12.238018218226062	12.347862871872817	12.517259224409786	12.669128333531592	12.851298041105938	13.044254868329311	13.21252484501759	13.375576588185092	13.480713352485719	13.738352173118862	1.5003339548928007
13245	17.108475863484557	17.28818499426364	17.421531090602	17.66417631897055	17.778180200373015	17.907844060742732	18.135609663728484	18.217070727576328	18.467777477148168	18.584741909137954	1.4762660456533965
37057	11.125560842009603	11.371640976030559	11.610616710896501	11.810086919910322	11.90806526972359	11.982078923724691	12.065783136941956	12.150230203682593	12.305856524583946	12.572269394490235	1.4467085524806311
13223	11.109073321670248	11.387385107436824	11.51083856745072	11.631059153576956	11.689020109144156	11.770769831730746	12.045290416432836	12.187828142819615	12.341163183609515	12.490651851702946	1.381578530032698
28113	11.079558753331522	11.156536673118353	11.42045891767473	11.630850498336128	11.841768892837763	12.047557597962427	12.156209399811146	12.26515499648183	12.335599839294472	12.437468254859915	1.3579095015283933
13293	25.186371223322716	25.41659708310458	25.66932431360555	25.86814510883595	25.998341007390067	26.093614355800742	26.281134315887034	26.335992426290307	26.41015996672575	26.53193475046128	1.3455635271385624
13255	13.172769300165475	13.27880287147351	13.484290602093772	13.558807345755561	13.645903027291737	13.78753524766314	14.02452942847167	14.127006372064512	14.305691923450201	14.442078056561575	1.2693087563961
39055	20.131536138546014	20.386017882220827	20.758273291536717	20.90713447889721	20.999448573430442	21.028637072305905	21.088749253914845	21.158409580671123	21.237824662516964	21.393548213168426	1.2620120746224117
12069	15.249083798183095	15.301415611546975	15.464667081662352	15.753452621753981	15.866967773952984	15.95139632336744	16.11776013277764	16.19274917714373	16.31109579766647	16.497759113230135	1.2486753150470395
12119	15.288252668985475	15.389338425157622	15.541325702806162	15.674361010803683	15.76513575626169	15.887750251512747	15.99042183132768	16.099241119218988	16.179560967728595	16.47086026041603	1.1826075914305534
15003	12.186547424654368	12.328813720807268	12.402093565733697	12.447502637034983	12.629453449032614	12.79844263025867	13.050870880830232	13.196511570488134	13.292372930880957	13.368687659782893	1.182140235128525
45083	13.100131713263995	13.199408957850686	13.399808617730892	13.566685029332428	13.647456681022232	13.723993638482517	13.77202713354143	13.908494222706556	14.012828622471854	14.205996625960484	1.1058649126964895
47187	11.032346823381847	11.220702963974324	11.286647403770775	11.387265929469121	11.433372787639655	11.49794851197848	11.584495542690705	11.650307269003468	11.805352386878818	11.84380287557256	0.8114560521907137
