countyFIPS,PopulationEstimate2018,Rural-UrbanContinuumCode2013,increase,increase_scaled
1001,55601,2,0.5194820289355211,9.34303391909356
1003,218022,3,0.35563139834335544,1.6311720759526813
1013,19680,6,1.65310460741205,83.99921785630335
1015,114277,3,0.24937626119330192,2.1822086788531543
1017,33615,6,5.5086216890326405,163.87391608010236
1021,44153,1,0.2311444133449163,5.235078326385892
1025,23920,7,0.4142135623730949,17.316620500547447
1027,13275,9,0.2311444133449163,17.41200853822345
1029,14987,8,0.0,0.0
1033,54762,3,0.2586938709137119,4.723966818482011
1037,10715,8,0.3195079107728942,29.81875042210865
1039,36986,6,0.3195079107728942,8.638617605929113
1047,38310,4,0.17767152314643475,4.637732266939043
1049,71385,6,0.2322463480678092,3.253433467364421
1051,81887,2,0.4914618792310348,6.0017081982614435
1053,36748,6,0.2586938709137119,7.039672115862411
1055,102501,3,1.8711954009131695,18.25538678562326
1065,14726,3,1.0875580268942806,73.85291504103495
1067,17209,3,0.1486983549970351,8.640731884306764
1069,104722,3,1.6370839297871314,15.63266486303863
1071,51736,6,0.42080815083869183,8.133758907505253
1073,659300,1,8.28767274978049,12.570412179251464
1081,163941,3,3.8415020473106374,23.432222856458342
1085,9974,2,0.4142135623730949,41.52933250181421
1087,18439,6,1.3322676295501878e-15,7.225270511145876e-14
1089,366519,2,0.4539170160266046,1.238454257559921
1091,19066,7,0.08755802689428016,4.592364779937069
1093,29763,7,0.4739609105187883,15.924500571810245
1095,96109,4,2.1461010385465364,22.32986545012992
1097,413757,2,21.98032461248247,53.12375286093642
1099,21067,7,0.2311444133449163,10.97187133169964
1101,225763,2,1.4715390571550202,6.518070087459062
1107,19938,3,0.32461613047884885,16.281278487252926
1111,22725,6,0.27693839996475145,12.186508249273992
1117,215707,1,5.349152176431733,24.798231751550638
1119,12691,8,1.5358663105321066,121.02011744796364
1121,79828,4,0.1689435423953971,2.1163444204464237
1123,40497,6,3.4893063147052352,86.16209385152568
1129,16378,8,0.352158045049348,21.50189553360288
1131,10627,9,0.44181680439399784,41.57493219102266
2020,291538,2,1.6878260718343432,5.789386192655308
2090,98971,3,0.08275948798482125,0.8361993713797097
2122,58533,7,0.1486983549970351,2.540419165206552
2170,107610,2,0.07177346253629313,0.666977627881174
2195,3221,9,0.07177346253629313,22.282975019029223
4001,71818,6,1.5876056283551963,22.10595711876126
4005,142854,3,7.7582441276982195,54.30890368976871
4012,21098,6,8.881784197001252e-16,4.209775427529269e-14
4013,4410824,1,10.605927723037354,2.4045229923110405
4015,209550,3,3.3325344000829666,15.903289907339376
4017,110445,4,4.626719473041867,41.89161549225285
4019,1039073,2,4.5088738597597455,4.339323473672923
4021,447138,1,5.858899163289411,13.10311170888945
4025,231993,3,0.2322463480678092,1.0010920504834593
4027,212128,3,1.4208081508386914,6.697881236039992
5011,10897,7,0.1486983549970351,13.645806643758382
5023,24965,6,0.43577229879926627,17.45532941314906
5029,20891,6,0.0,0.0
5035,48342,1,1.5678592903435984,32.432652565959174
5043,18328,6,0.07177346253629313,3.9160553544463736
5057,21741,6,0.0,0.0
5069,68114,3,5.083555885684506,74.63305466841626
5073,6682,8,0.0,0.0
5075,16434,6,-1.6478419549506524,-100.27029055316129
5077,8985,7,0.0,0.0
5091,43592,3,0.1486983549970351,3.4111386262854446
5107,18029,6,0.0,0.0
5119,392680,2,1.966590140352647,5.008124020455961
5125,121421,2,0.7617295898720438,6.273458379292246
5141,16603,8,2.220446049250313e-15,1.3373764074265573e-13
5143,236961,2,0.3442125858823686,1.4526128176466533
5145,78727,4,0.2820888539868154,3.583127186185367
6001,1666753,1,13.712690182524376,8.227187941179272
6013,1150215,1,7.354291884284368,6.393841050833426
6019,994400,2,4.715725745527635,4.742282527682658
6025,181827,3,3.3658238390007487,18.51113332453788
6027,17987,7,0.2311444133449163,12.8506373127768
6029,896764,2,6.850311460206388,7.638923351301333
6031,151366,3,1.2854547424477136,8.492361180500994
6037,10105518,1,26.834205490546083,2.6554012857674474
6039,157672,3,0.168943542395398,1.0714872798936907
6041,259666,1,2.438442590535068,9.390688771479779
6051,14250,7,0.2311444133449163,16.220660585608165
6053,435594,2,0.3684608299670913,0.8458813251952306
6055,139417,3,0.16894354239539755,1.2117858108795738
6057,99696,4,0.07177346253629313,0.7199231918662046
6059,3185968,1,16.589565114426726,5.207072109458327
6061,393149,1,0.5559061777152365,1.4139834457552647
6065,2450758,1,25.14754586556444,10.261129767020831
6067,1540975,1,6.693948871207773,4.343969805615129
6069,61537,1,0.5508490012515823,8.951508868673844
6071,2171603,1,9.708584243930076,4.470699406811501
6073,3343364,1,22.06454447003145,6.599504113231897
6075,883305,1,9.222706107676945,10.441134271488268
6077,752660,2,2.685569468065946,3.568104413767101
6079,284010,2,2.1776715231464374,7.667587490392724
6081,769545,1,4.3870448516158405,5.700829518242391
6083,446527,2,2.2693946611550704,5.082323490304216
6085,1937570,1,9.921336570187563,5.120504843792773
6087,274255,2,0.2322463480678092,0.846826304234414
6089,180040,3,0.1486983549970351,0.8259184347758004
6095,446610,2,1.4807406984078586,3.3155117404622794
6097,499942,2,0.7663237344451836,1.5328252766224555
6099,549815,2,0.7812687876124045,1.4209666662648426
6101,96807,3,0.08275948798482258,0.8548915676017497
6107,465861,2,5.043725575161794,10.826674856151929
6111,850967,2,9.290574176783785,10.917666815262855
6113,220408,1,1.1290189467065996,5.122404571098143
6115,78041,3,0.07177346253629313,0.9196891702604161
8001,511868,1,22.723276915191036,44.3928452553999
8003,16683,7,8.881784197001252e-16,5.323853142121472e-14
8005,651215,1,28.05957567031524,43.08803647077423
8013,326078,2,0.5887362124535258,1.8055073094582454
8014,69267,1,2.2854806313663776,32.99523050466135
8019,9605,1,0.07177346253629313,7.47251041502271
8025,5858,8,0.0,0.0
8029,30953,6,0.0,0.0
8031,716492,1,20.964626521302165,29.260098537460525
8035,342776,1,3.3692443938467598,9.829289080468762
8037,54993,5,0.38405323074322606,6.983674844857092
8039,26282,1,0.4142135623730949,15.760351661711244
8045,59770,5,0.32461613047884885,5.431088012026917
8051,17246,7,1.6456748991720724,95.42357063505001
8059,580233,1,11.914772330513145,20.534461725743185
8063,7163,7,1.3322676295501878e-15,1.8599296796735837e-13
8075,21528,7,1.6702827250806265,77.58652569122196
8083,26158,6,8.881784197001252e-16,3.39543703532428e-14
8085,42214,4,0.3816562287460705,9.04098708357584
8087,28558,6,0.5791562527865324,20.28000044773907
8089,18432,6,0.1486983549970351,8.067402072321782
8091,4833,9,0.0,0.0
8101,167529,3,1.9749389958673014,11.788639554150633
8107,25733,7,0.5780031086491366,22.461551651542248
8117,31007,5,0.07177346253629313,2.3147502994902163
8119,25083,2,8.881784197001252e-16,3.5409576992390273e-14
9001,943823,2,110.16703862215331,116.72425722000132
9003,892697,1,149.01738199942122,166.9294082980241
9005,181111,4,9.259840300763543,51.127983947764314
9009,857620,2,30.207262867050417,35.22219965375156
9011,266784,2,15.09815256032639,56.59317110593735
9013,150921,1,15.025901814733857,99.56137194117358
9015,117027,2,0.16894354239539755,1.4436287557178904
10001,178550,3,3.317500226750017,18.580230897507793
10003,559335,1,13.205439156599297,23.609177249053424
10005,229286,2,13.18782794646328,57.51693494789599
12001,269956,2,1.7211378459252114,6.375623605051236
12003,28355,1,-8.881784197001252e-16,-3.132352035620262e-14
12005,185287,3,0.15722933744677547,0.8485718773943961
12007,27732,6,0.08275948798482213,2.9842596273194193
12009,596849,2,3.2043554456340377,5.368787491700644
12011,1951260,1,60.18347524344995,30.843391061903567
12015,184998,3,1.5878788050895523,8.583221467743178
12017,147929,3,0.09613012893441741,0.6498396456030758
12021,378488,2,7.827918756960763,20.682079106763656
12027,37489,6,1.3782687846628514,36.7646185457828
12031,950181,1,9.804997932515228,10.319084398146487
12033,315534,2,2.2623877794458274,7.170028521318867
12035,112067,2,1.0378041299843228,9.26056849906148
12043,13724,6,0.2311444133449163,16.84235014171643
12051,41556,4,1.8679751875660715,44.950793809944926
12053,190865,1,0.2810998421962898,1.4727678840871286
12055,105424,3,0.17814929790867584,1.6898362603266415
12057,1436888,1,5.681535557861729,3.95405595833616
12061,157413,3,1.467782961300312,9.324407522252368
12065,14288,2,1.7763568394002505e-15,1.2432508674413847e-13
12069,356495,1,2.472917641529625,6.936752665618381
12071,754610,2,3.455565726345938,4.579273699455266
12073,292502,2,1.8193047424889284,6.219802744900645
12079,18529,6,0.08275948798482213,4.466484321054678
12081,394855,2,9.302287048589676,23.558741939673236
12083,359977,2,-1.0,-2.777955258252611
12085,160912,2,1.5719766448542432,9.769169762691677
12086,2761581,1,38.54451823282443,13.957409988272815
12087,75027,4,0.17767152314643697,2.368101125547296
12091,207269,3,-0.6265517042268876,-3.0228915285300144
12097,367990,1,-0.9059011659423426,-2.4617548464424104
12103,975280,1,0.373046736854171,0.3825021910160887
12105,708009,2,1.9713975042399063,2.7844243565264093
12107,74163,4,0.35215804504934756,4.748433114212579
12109,254261,1,0.0,0.0
12111,321128,2,1.7495715805500645,5.448206262144891
12113,179349,2,3.205956681171676,17.87552024918832
12115,426718,2,4.555174528484486,10.674905976510214
12117,467832,1,2.6614819066463333,5.688969345077577
12119,128754,3,3.8136372428061343,29.619563219831107
12121,44191,6,1.1856281046666997,26.82962831044103
12127,547538,2,-0.5669075336007623,-1.0353756882641247
12129,32461,2,0.07177346253629313,2.211067512901424
13001,18507,7,0.7246531706480868,39.155626014377624
13005,11185,7,0.07177346253629313,6.416938984022631
13007,3092,3,0.08275948798482213,26.76568175447029
13009,44823,4,2.643735798228615,58.981679009183125
13013,80809,1,0.09026073025429238,1.1169638314332855
13015,106408,1,0.49295435922184794,4.63268137002714
13021,153095,3,0.3816562287460705,2.492937252987168
13025,18897,3,2.220446049250313e-15,1.1750256915120458e-13
13027,15513,3,0.18786183886526864,12.10996189423507
13029,38109,2,-2.220446049250313e-15,-5.826566032302902e-14
13031,77296,4,0.2586938709137123,3.3467950594301428
13035,24193,1,3.1799499503125706,131.44091060689334
13037,6352,8,0.5947934199881422,93.63876259259166
13039,53677,4,0.3195079107728942,5.952417437131252
13045,118121,1,4.452470375601475,37.69414732013338
13051,289195,2,1.5321815516061044,5.298091431754022
13055,24790,6,0.08275948798482213,3.338422266430905
13057,254149,1,5.428045839176129,21.35773046195786
13059,127330,3,2.076959960280952,16.311630882596024
13061,2887,9,1.3734482957731111,475.73546788123
13063,289615,1,5.278556468262934,18.226115595749302
13067,756865,1,4.189341636022576,5.535124012898701
13069,43093,7,0.37243371194623887,8.642557072987232
13071,45592,6,1.846987661547212,40.51122261684532
13073,154291,2,1.2662434565016385,8.206852353679984
13075,17162,6,0.11612317403390437,6.76629612130896
13077,145864,1,0.27693839996475234,1.8986069212742853
13081,22601,6,2.2810998421962903,100.92915544428521
13083,16226,2,0.07177346253629313,4.423361428342976
13087,26575,6,1.0827594879848217,40.743536706860645
13089,756558,1,12.24693353449927,16.187699468513017
13093,13706,6,1.765467912796817,128.809857930601
13097,145331,1,2.2686130935086766,15.609973739316985
13099,10247,6,4.23021240899287,412.82447633384106
13103,62190,2,0.07177346253629313,1.1540997352676174
13113,113459,1,0.5636046913947759,4.967474518502506
13115,97927,3,1.193648376899155,12.189165162816742
13117,236612,1,2.242886167170589,9.479173360482939
13121,1050114,1,17.066834789091274,16.252363828204626
13127,85219,3,0.374108810316637,4.389969494087433
13129,57685,4,0.4899959967967966,8.49433989419774
13131,24748,6,0.3442125858823699,13.908703163179648
13133,17698,6,0.352158045049348,19.8981831308254
13135,927781,1,19.430489280798056,20.942969602522638
13137,45388,6,2.161763787333017,47.62853149142983
13139,202148,3,4.142335940069351,20.491599917235646
13143,29533,1,0.0,0.0
13145,34475,2,0.08275948798482169,2.400565278747547
13151,230220,1,2.1813398959090318,9.475023438055041
13153,155469,3,3.7769338848948557,24.293807028377717
13155,9398,7,0.0,0.0
13157,70422,4,0.42080815083869183,5.975521155870209
13161,15029,7,0.2311444133449163,15.379893096341492
13163,15430,6,0.07177346253629313,4.651552983557559
13165,8683,6,0.0,0.0
13167,9708,7,0.6564024798866686,67.61459413748132
13173,10340,3,0.07177346253629313,6.941340670821386
13175,47325,5,0.39038917031590925,8.249110836046682
13185,116321,3,0.5544204666162464,4.766297286098353
13193,13143,6,0.44181680439399784,33.61613059377599
13195,29650,3,0.2311444133449163,7.795764362391782
13197,8351,2,0.1486983549970351,17.80605376566101
13205,22192,6,5.732331936961906,258.3062336410376
13207,27520,3,0.38383461901649607,13.947478888680816
13215,194160,2,2.136913517484757,11.005941066567559
13217,109541,1,0.37243371194623887,3.399948073746258
13221,15054,3,0.08755802689427927,5.816263245268983
13223,164044,1,0.385925425258959,2.3525726345307296
13225,27297,3,0.44948974278317877,16.46663526333219
13227,31980,1,1.3322676295501878e-15,4.1659400548786364e-14
13229,19389,6,0.4641016151377517,23.93633581606848
13231,18634,1,0.08275948798482258,4.441316302716678
13235,11069,3,0.0,0.0
13237,21809,6,0.2810998421962889,12.889166958424912
13239,2279,9,0.1486983549970351,65.24719394341163
13245,201554,2,3.9689171997119317,19.691582403286127
13247,90594,1,1.752464215100944,19.344153201105414
13249,5236,8,0.0,0.0
13251,13938,6,0.0,0.0
13253,8315,6,0.08275948798482302,9.953035235697298
13255,66100,1,1.389590492840865,21.022549059619745
13257,26035,7,0.374108810316637,14.369456897124525
13263,6272,8,0.11612317403390437,18.51453667632404
13279,26887,7,0.08755802689427794,3.2565190201315852
13285,70034,4,0.18255821036509268,2.606708318318141
13287,7912,6,0.4604564027060185,58.19721975556351
13291,24001,9,0.11612317403390437,4.838263990413082
13293,26215,6,2.4743462467388433,94.38665827727803
13297,93503,1,1.8538310145568966,19.826433532152944
13299,35680,5,0.19310034893146266,5.412005295164312
13303,20386,7,0.07177346253629313,3.520723169640593
13307,2611,8,0.08275948798482169,31.696471844052738
13313,104062,3,0.5358663105321098,5.1494907894534965
13315,8812,8,2.659475095195317,301.80153145657255
13319,9036,8,0.08275948798482302,9.15886321213181
13321,20299,3,1.582900647922223,77.97924271748475
15003,980080,2,0.6444401046771198,0.6575382669548606
15009,167207,3,0.09199688073512036,0.5501975439731611
16001,469966,2,4.366167946544554,9.290391106047148
16013,22601,7,2.986832119184162,132.15486567780903
16027,223499,2,0.28398713530064423,1.2706416373256444
16031,23864,7,0.0,0.0
16039,27259,6,0.168943542395398,6.197716071587292
16053,24015,7,0.44948974278317877,18.717041131924994
16069,40408,3,3.1914844902541546,78.98150094669754
16075,23551,6,0.0,0.0
16083,86081,5,0.28305247518124865,3.288210815176969
17005,16630,1,0.2311444133449163,13.899243135593283
17007,53577,2,1.096130128934412,20.45896800743625
17015,14312,7,1.7763568394002505e-15,1.2411660420627797e-13
17019,209983,3,1.459781870985835,6.951905016052894
17021,32661,6,0.45391701602660195,13.897829705967421
17027,37639,1,0.7688806688798406,20.427765585691454
17029,50885,5,0.1486983549970351,2.922243391904001
17031,5180493,1,1564.6994177886595,302.0367786982165
17037,104143,1,1.3521580450493471,12.98366712164377
17043,928589,1,16.62273017066329,17.901062979061017
17049,34208,7,0.1486983549970351,4.346888300895554
17051,21416,6,1.7763568394002505e-15,8.294531375608192e-14
17053,13264,3,0.07177346253629313,5.411147658043812
17077,57419,3,2.366979487976561,41.22293122444768
17079,9611,7,1.9853616451542129,206.57180784041336
17081,37820,7,0.06811060144011094,1.8009148979405325
17083,21847,1,0.07177346253629313,3.285277728580269
17091,110024,3,4.454856805144107,40.489864076420666
17093,127915,1,2.186635994508773,17.094445487306203
17097,700832,1,44.45868907118137,63.437013537026516
17099,109430,4,1.0,9.138261902586128
17105,35761,4,0.07177346253629313,2.0070317534826523
17111,308570,1,16.105499097011716,52.19398871248571
17113,172828,3,0.0875580268942806,0.5066194534119507
17115,104712,3,1.1941157262901214,11.40380974759456
17119,264461,1,3.8828946588472952,14.682295910728975
17133,34335,1,1.7683505774264923,51.502856485408245
17135,28601,6,0.11612317403390437,4.060108878497408
17137,33976,4,0.1486983549970351,4.37657037311735
17141,50923,4,0.19623119885131546,3.853488577878669
17143,180621,2,0.2704150727080532,1.4971408236476003
17157,32106,6,1.0476725110792193,32.631673552582676
17161,143477,2,1.6899304491633291,11.778406637742142
17163,261059,1,2.041266763843481,7.819177901713717
17167,195348,3,1.193648376899155,6.110369069041685
17179,132328,2,-2.220446049250313e-15,-1.6779865555667075e-14
17195,55626,4,1.1894626096254566,21.383213059099283
17197,692310,1,25.40431809552328,36.69500382129866
17201,284081,2,2.771747919934443,9.75689299859703
17203,38463,2,0.2311444133449163,6.009526384965196
18001,35636,6,0.2311444133449163,6.486261458775292
18003,375351,2,3.5733547111195776,9.520035143424627
18005,82753,3,0.4775159272756433,5.770376025952452
18009,11930,6,0.07177346253629313,6.016216474123481
18011,66999,1,5.017668331673189,74.89168990094164
18013,15234,1,0.07177346253629313,4.711399667604906
18015,20127,3,0.11612317403390437,5.769522235499795
18017,37955,4,0.25869387091371054,6.815804792878686
18019,117360,1,3.1799499503125706,27.095688056514746
18021,26170,3,0.0,0.0
18023,32250,6,0.5336746868385576,16.548052305071554
18027,33147,7,1.366532950950571,41.22644435244731
18029,49568,1,-1.824883946211437,-36.8157671524257
18031,26794,6,5.969600303358003,222.79615971329414
18033,43226,4,0.1486983549970351,3.4400211677470756
18035,114772,3,4.268412242110568,37.19036212761447
18039,205560,3,1.9817577768567585,9.640775330106823
18041,23047,6,1.4618174634629684,63.427667959516135
18043,77781,1,2.6891336570595925,34.57314327483052
18045,16351,6,0.08275948798482302,5.061432816636476
18047,22736,6,0.5600614104693022,24.633242895377474
18053,65936,4,-0.5268763363070388,-7.990723372771154
18055,32006,6,1.3876508276678177,43.35595912228387
18057,330086,1,16.467090511635917,49.887273351901975
18059,76351,1,2.242886167170589,29.375989406433302
18061,40350,1,0.19069004431688263,4.725899487407252
18063,167009,1,11.99676768746091,71.83306101743564
18065,48271,4,0.07177346253629313,1.4868857603176469
18067,82366,3,-0.22044504202065518,-2.676408251228118
18069,36240,6,8.881784197001252e-16,2.4508234539186678e-14
18073,33370,1,1.0000000000000004,29.96703626011389
18079,27611,6,0.5422697005021058,19.639625529756465
18081,156225,1,15.86094694884929,101.52630468138447
18085,79344,4,0.2820888539868154,3.5552638383093287
18087,39330,6,0.08275948798482302,2.1042331041144933
18089,484411,1,5.86525022815006,12.108003798737148
18091,110007,3,-0.45598308578901126,-4.145037004817977
18093,45668,6,0.5771892104212597,12.638810773873603
18095,129641,1,0.9617121717092161,7.418271779060761
18097,954670,1,21.338208940429865,22.35139780283225
18099,46248,6,0.07177346253629313,1.5519257597364886
18105,146917,3,0.5645094733533007,3.8423700004308605
18109,70116,1,2.2184056851423763,31.63907931345736
18111,14011,1,-1.8121381611347296,-129.3368182952487
18113,47532,6,-1.5174142863706077,-31.924057190326682
18117,19489,6,1.620454835649193,83.14715150337076
18119,20845,3,0.1486983549970351,7.133526265149201
18127,169594,1,2.556184796639794,15.07237754071367
18133,37779,1,0.18255821036509268,4.832266877500534
18135,24851,6,0.16894354239539888,6.7982593213713285
18137,28523,6,-0.5381825365370316,-18.8683706670768
18139,16663,6,0.515716566510398,30.949802947272282
18141,270771,2,2.4272864750088665,8.964351703132413
18143,23878,1,0.2586938709137119,10.833984040276066
18145,44593,1,2.358601898832843,52.891752042536794
18149,22935,6,-1.0,-43.60148245040332
18151,34586,7,0.07177346253629313,2.0752172132161317
18157,193048,3,0.1435469250725867,0.7435815189620546
18159,15128,6,0.07177346253629313,4.744411854593676
18163,180974,2,1.4494897427831779,8.00938114194955
18167,107386,3,1.4505206955859258,13.507540047919894
18169,31280,6,0.2820888539868154,9.018185869143714
18171,8263,8,0.0,0.0
18173,62567,2,2.0863994010018896,33.34664281493263
18177,65936,5,0.4641016151377517,7.038668028660394
18183,34074,2,0.374108810316637,10.979304170823413
19005,13832,6,0.44181680439399784,31.941642885627374
19007,12437,7,0.14354692507258715,11.541925309366178
19011,25642,2,0.0,0.0
19013,132408,3,8.436452687588343,63.71558129107262
19017,24947,3,1.785155024015764,71.55790371650956
19043,17556,8,0.2311444133449163,13.16612060520143
19045,46518,4,0.0,0.0
19047,17158,7,0.19623119885131546,11.436717499202441
19057,39138,5,0.07177346253629313,1.8338561637358355
19061,96854,3,0.8499052001553045,8.775117188296864
19087,20067,6,0.0,0.0
19103,151260,3,0.5814157194373353,3.8438167356692805
19113,225909,2,5.96171217170928,26.38988341194587
19115,11169,8,0.2973967099940702,26.626977347485916
19121,16249,2,0.1486983549970351,9.151231152503852
19123,22000,7,0.07177346253629313,3.2624301152860515
19139,42929,4,3.169831251287116,73.83892593088858
19153,487204,2,5.746549654770426,11.794955818857042
19155,93533,2,0.08275948798482213,0.8848159257676128
19157,18699,7,0.2322463480678092,12.42025499052405
19163,173283,2,1.687538709400421,9.738628194343478
19171,16904,6,1.8753225570378724,110.93957389007764
19183,22141,3,0.09409883405765918,4.249981213931583
19193,102539,3,7.033965518247996,68.5979531519519
20011,14653,6,0.0,0.0
20027,7997,6,0.0,0.0
20031,8233,6,0.8575843678996318,104.16426186075935
20035,35218,4,0.0,0.0
20037,39019,4,0.0,0.0
20091,597555,1,6.708261893034724,11.22618318486955
20103,81352,1,1.4807406984078586,18.201650831053428
20111,33406,4,0.2820888539868154,8.444257139041351
20115,11950,6,0.0,0.0
20125,32120,5,0.16894354239539888,5.259761593879168
20169,54401,5,8.881784197001252e-16,1.632650906601212e-14
20173,513607,2,1.8515729044717055,3.6050382967360366
20177,177499,3,1.2561882368082866,7.077156698394282
20191,22996,2,0.0,0.0
20209,165324,1,3.609150849486852,21.83077381074044
21001,19215,7,1.6764963540490196,87.2493548815519
21005,22663,6,0.0,0.0
21015,131533,1,0.3246161304788484,2.4679443978229676
21017,20184,2,0.07177346253629313,3.5559583103593506
21019,47240,2,0.1776715231464343,3.7610398633876865
21029,81069,1,0.08275948798482169,1.0208524588291665
21031,12772,3,1.266243456501634,99.1421434780484
21035,39135,7,0.1486983549970351,3.799625782471831
21037,93152,1,3.1610778167011375,33.934621014053775
21047,71671,2,1.1825582103650931,16.499814574445633
21055,8915,7,0.0,0.0
21059,101104,3,0.4721359549995805,4.669804903857221
21067,323780,2,1.9908751037132806,6.148851392035581
21081,25121,1,0.24937626119330014,9.927003749584019
21083,37317,7,3.1856281046667014,85.36667215120994
21085,26321,6,2.3009176164299934,87.41756074731178
21101,45591,2,0.4142135623730949,9.085423929571515
21107,45068,5,7.8710305458983285,174.64787756053803
21109,13442,9,1.577684421833455,117.36976802808027
21111,770517,1,5.7971708003359055,7.523741592120492
21117,166051,1,6.991673256267344,42.10557754104067
21125,60669,5,1.7763568394002505e-15,2.9279481108972464e-14
21137,24644,7,0.0,0.0
21143,8009,9,-2.220446049250313e-15,-2.772438568173696e-13
21145,65346,5,1.0875580268942806,16.643069612436577
21149,9252,3,0.07177346253629313,7.757615924804705
21151,92368,4,0.0,0.0
21163,28715,3,0.0,0.0
21177,30774,6,0.43577229879926627,14.160404848224678
21195,58402,7,0.08275948798482213,1.417065990630837
21199,64623,5,0.08275948798482258,1.280650665936626
21207,17821,9,0.08755802689428016,4.913193810351841
21211,48518,1,-8.881784197001252e-16,-1.8306163067317805e-14
21213,18529,6,8.881784197001252e-16,4.7934503734692926e-14
22001,62190,2,1.573388468881257,25.299702024139847
22003,25605,6,1.9817577768567638,77.39729649899488
22005,124672,2,2.8719483188616906,23.036033101752523
22009,40462,6,0.3608324775809635,8.917811219933851
22011,37253,6,0.2704150727080532,7.258880431322396
22013,13308,6,2.1753992349510565,163.46552712286268
22015,127185,2,2.694596036351495,21.186429503097813
22019,203112,3,0.16669448786378993,0.8207023113542771
22025,9608,9,0.08275948798482302,8.613601996755103
22027,15944,6,0.3876508276678239,24.31327318538785
22029,19572,7,0.1825582103650918,9.3275194341453
22031,27436,2,-0.5188783093669702,-18.91231627667919
22033,440956,2,14.965115855625015,33.937889167229876
22037,19305,2,3.040270507601196,157.48616977991173
22041,20156,7,0.17767152314643564,8.81482055697736
22047,32721,2,0.5632988712872589,17.21520953782766
22051,434051,1,38.443499127011364,88.56908318840726
22053,31582,6,1.1781492979086687,37.30445500312421
22055,242782,2,7.227556259020098,29.76973687925834
22057,98115,3,3.7914380847754146,38.642797582178204
22061,47196,4,0.7894530321658202,16.727117386342492
22063,139567,2,3.4881820605615967,24.99288557152906
22067,25398,6,1.5780031086491384,62.130998844363276
22069,38659,6,1.0300175328287864,26.6436672658058
22071,391006,1,47.89922377194296,122.50252878969364
22073,154475,3,2.9339091051199446,18.992776210519143
22079,130562,3,1.5814563913996054,12.112685095200789
22081,8477,8,0.1856864466832393,21.904735954139355
22089,52879,1,11.410610548120339,215.78718485826772
22091,10262,2,0.0,0.0
22095,43184,1,13.753924801398753,318.495850347322
22097,82764,4,7.414584796749978,89.58707646742519
22099,53621,2,1.5884001726406645,29.622725660481237
22101,49774,4,2.8507615440406617,57.274109857368536
22103,258111,1,11.03330264997038,42.746348082686836
22111,22330,3,-0.7160128646993495,-32.06506335420284
22113,59830,2,0.3195079107728942,5.340262590220528
22115,48860,5,0.08275948798482258,1.6938085956779079
22119,38798,2,0.27693839996475145,7.137955563811316
22121,26427,2,3.5152202914169273,133.0162444249036
22125,15460,2,0.35215804504934756,22.778657506426104
22127,14134,6,0.16894354239539888,11.952988707754272
23001,107679,3,0.1689435423953971,1.5689553431532341
23005,293557,2,3.8886506765953186,13.246663089605489
23007,29897,6,0.07177346253629313,2.4006911240690747
23011,122083,4,1.5600614104692987,12.778694908130523
23027,39694,6,0.9785330522518745,24.65191344414457
23031,206229,2,1.687538709400421,8.18283902555131
24001,70975,3,0.6513681460042324,9.17743072918961
24015,102826,1,2.514336555013191,24.452342355174675
24019,31998,6,0.0,0.0
24029,19383,6,3.183272742097726,164.2301368259674
24035,50251,1,0.46422582585359784,9.238141049005948
24041,36968,6,0.1486983549970351,4.022353251380521
24045,103195,2,-0.22817814881279475,-2.2111357024351443
25001,213413,3,7.1318163030030135,33.41790941977768
25003,126348,3,10.452194251868207,82.72544283936593
25005,564022,1,20.95674946439945,37.15590786245829
25009,790638,1,47.50951649756411,60.09010001740886
25011,70963,4,18.105635205082038,255.14190782636075
25013,470406,2,35.914642050534496,76.34818019016444
25015,161355,2,3.0378433881220914,18.827079347538604
25017,1614714,1,88.33353476317177,54.705374922848115
25019,11327,7,0.0,0.0
25021,705388,1,21.458842029768334,30.42133128117906
25023,518132,1,66.97761490432157,129.26747412690506
25025,807252,1,53.43066634415504,66.1883356673691
25027,830839,2,61.08554451378359,73.52272162691399
26005,117327,4,1.5194820289355238,12.950829978909576
26007,28360,7,2.0947835273424733,73.86401718414926
26009,23365,9,0.0,0.0
26011,15041,8,0.374108810316637,24.87260224164863
26015,61157,2,0.07177346253629313,1.1735935794151633
26017,103923,3,1.9372539331937713,18.64124335511649
26021,154141,3,1.279105041281781,8.298279116404986
26023,43622,6,0.4208081508386914,9.646695493986781
26025,134487,3,6.2801369417462,46.6969814312625
26027,51653,2,8.881784197001252e-16,1.719509843958967e-14
26029,26244,7,0.0,0.0
26031,25413,7,0.2311444133449163,9.095518567068677
26035,30757,6,0.07177346253629313,2.333565124566542
26037,79332,2,0.09367213323819357,1.1807610199943726
26039,13901,7,1.3782687846628514,99.14889465958214
26041,35857,5,4.440892098500626e-16,1.2385007386286154e-14
26043,25383,7,4.440892098500626e-16,1.7495536770675753e-14
26045,109826,2,0.4439139776179193,4.0419752847041615
26047,33308,7,1.3322676295501878e-15,3.9998427691551214e-14
26049,406892,2,20.96784985692267,51.53173288470323
26051,25337,6,0.0,0.0
26053,15096,7,0.0,0.0
26055,92573,5,0.600820170094571,6.4902311699369255
26057,40599,6,0.07177346253629313,1.7678628177120896
26059,45749,6,1.2892814199277822,28.181630635156665
26063,31166,7,0.07177346253629313,2.302941106856611
26065,292735,2,1.2854806313663776,4.391277542372377
26067,64210,4,0.08275948798482169,1.2888878365491618
26069,25081,7,2.6694059095100435,106.43139864877969
26073,70562,4,2.6645352591003757e-15,3.776161757178617e-14
26075,158823,3,2.65277322482061,16.70270190602501
26077,264870,2,2.9565845905832937,11.16239887712196
26079,17824,7,0.23224634806781097,13.02997913306839
26081,653786,2,10.948319355997661,16.746029061493612
26093,191224,1,6.751986241289714,35.30930344145983
26099,874759,1,4.7983476809147305,5.485336739507374
26103,66516,5,0.6621220035026525,9.95432683117825
26107,43545,6,0.0,0.0
26111,83209,3,1.5481649258530146,18.605738872634145
26113,15113,9,0.0,0.0
26115,150439,3,0.575435244659289,3.8250403463150446
26117,63968,2,0.4142135623730949,6.475324574366792
26121,173588,3,3.5548528309353706,20.478678427860054
26125,1259201,1,62.280361364871965,49.4602222876824
26127,26625,6,0.07177346253629313,2.695716902771573
26135,8276,9,0.07177346253629313,8.672482181765725
26137,24665,7,0.6767532975515529,27.437798400630566
26139,290494,2,0.7718350366828037,2.6569741085282437
26145,190800,3,8.243200592457143,43.203357402815215
26149,61043,4,0.1486983549970351,2.4359607980773403
26151,41182,6,0.7038717671359827,17.091733454809933
26155,68192,4,2.2343227166252397,32.765173577915874
26157,52516,6,3.714337744249317,70.72773524734018
26159,75448,2,0.2322463480678092,3.0782306763308394
26161,370963,2,19.332107328385078,52.11330329004531
26163,1753893,1,1701.146021755564,969.9257718433018
26165,33466,7,4.440892098500626e-16,1.3269862243771666e-14
27003,353813,1,-1.417099352077777,-4.005221266821109
27015,25111,6,0.1486983549970351,5.921642108917808
27025,55922,1,0.07177346253629313,1.283456645618775
27027,63955,3,-0.14079776322859594,-2.20151298926739
27037,425423,1,2.044541452762628,4.805902484733144
27045,21058,3,0.07177346253629313,3.4083703360382342
27053,1259428,1,29.927953470047726,23.763131731268263
27091,19785,7,1.5850643716549202,80.11444890851251
27095,26139,1,0.0,0.0
27103,34220,3,0.08275948798482213,2.418453769281769
27105,21924,7,6.256123328299947,285.3550140622125
27109,156277,3,3.281551778383456,20.99830287491733
27123,550210,1,0.39005979887178555,0.7089289523487133
27131,66523,4,0.1486983549970351,2.235292380034501
27137,199754,2,0.29091800163315895,1.456381357235194
27139,147381,1,1.0827594879848217,7.3466694348988115
27163,259201,1,0.5615472691222525,2.1664548714019336
27167,6254,6,0.08755802689427927,14.000324095663458
27169,50825,4,2.886346885775726,56.78990429465275
27171,136349,1,0.07177346253629313,0.5263952250203018
28001,31192,5,2.877890904424042,92.26375046242761
28011,31333,7,0.28610833092073307,9.131214084854085
28013,14436,9,0.270415072708051,18.731994507346286
28015,9911,9,1.3521580450493476,136.4300317878466
28017,17171,7,2.8166538263919705,164.03551490256655
28019,8278,9,0.0,0.0
28023,15604,9,0.4196753534142035,26.895369995783355
28025,19386,7,0.168943542395398,8.714718992850406
28027,22628,7,0.1776715231464343,7.851843872478094
28029,28543,2,0.1486983549970351,5.209626002768983
28033,182001,1,0.4539170160266046,2.494035835114118
28035,75036,3,0.25504597607272217,3.398981503181435
28037,7788,9,0.0,0.0
28039,24250,6,0.0,0.0
28041,13586,8,0.0,0.0
28045,47334,2,0.09199688073512036,1.9435686976617308
28047,206650,2,1.6616889767735028,8.041079006888472
28049,237085,2,2.3748703826550237,10.01695755806999
28051,17622,6,2.7531751910645887,156.23511468985294
28053,8257,6,-0.8427706625532245,-102.06741704653318
28057,23517,7,-0.7295849272919464,-31.023724424541665
28059,143277,2,1.0699307021992919,7.46756773382533
28061,16428,9,0.11612317403390437,7.068612979906524
28065,11234,8,0.1486983549970351,13.236456738208572
28067,68461,4,2.574657688939274,37.60765529190742
28069,10027,9,1.1825582103650931,117.93739008328444
28071,54793,4,0.3442125858823699,6.282054019352288
28073,62447,3,0.1435469250725867,2.2987000988452078
28075,75317,5,1.3259178826647862,17.60449676254745
28079,22763,6,0.11612317403390437,5.1014002562889065
28081,85202,5,0.2595146721344257,3.0458753566163432
28083,28919,5,2.583497554621122,89.33564627480625
28085,34205,6,0.481121690633028,14.065829283234265
28087,58930,5,0.16894354239539755,2.866851220013534
28089,105630,2,2.065371919961356,19.55289141305837
28091,24715,6,1.6513681460042378,66.81643317840332
28093,35451,1,4.440892098500626e-16,1.252684578291339e-14
28095,35564,7,1.94973698007645,54.82333202329462
28097,10023,7,0.4727333575346888,47.16485658332723
28099,29125,7,1.562311497419607,53.64159647792642
28105,49599,5,0.1776715231464343,3.5821593811656345
28107,34178,6,0.08275948798482302,2.421425712002546
28109,55387,6,6.473154648579815,116.87137141531072
28111,11931,3,0.2311444133449163,19.37343167755564
28113,39563,6,1.375514460488537,34.76769861963292
28115,31833,7,2.220446049250313e-15,6.975296231113351e-14
28121,153902,2,1.5814157194373344,10.275472179941355
28129,16002,8,0.18255821036509534,11.408462090057203
28133,25735,7,4.440892098500626e-16,1.7256235082574804e-14
28135,13987,7,0.0,0.0
28139,21995,6,1.4663166883196581,66.66590990314427
28143,9944,1,0.168943542395398,16.9894954138574
28145,28606,6,-1.0,-34.9577011815703
28149,46176,4,0.42080815083869183,9.11313562973605
28151,45063,5,-2.220446049250313e-15,-4.9274261572694076e-14
28155,9788,9,0.07177346253629313,7.332801648579192
28157,8792,8,0.3876508276678212,44.09131342900605
28163,28248,2,0.335141362540313,11.864251010348097
29013,16320,1,0.0,0.0
29019,180005,3,0.11612317403390437,0.6451108248876664
29021,88571,3,1.168943542395397,13.197813532594157
29027,44889,3,0.0,0.0
29029,45815,7,0.4142135623730949,9.041003216699659
29031,78753,3,0.07177346253629313,0.9113743290578534
29035,6054,9,0.0,0.0
29037,104954,1,0.18786183886526864,1.7899445363232336
29047,246365,1,2.2704150727080536,9.215655928025708
29051,76796,3,0.19623119885131546,2.5552268197733667
29069,29423,7,0.08275948798482302,2.812748121701493
29071,103670,1,0.4652004292637617,4.487319661076123
29077,291923,2,0.09409883405765918,0.32234128197387385
29083,21792,6,0.0,0.0
29095,700307,1,5.2136859548194785,7.444857690726322
29107,32598,1,0.1486983549970351,4.561579084515464
29111,9855,9,0.0,0.0
29113,57686,1,0.07177346253629313,1.244209384188419
29115,12037,7,0.0,0.0
29145,58266,3,0.1486983549970351,2.552060464027651
29155,16272,7,0.3195079107728942,19.635441910821914
29169,52014,5,0.4142135623730949,7.9635014106412685
29183,399182,1,1.191172675990419,2.9840340395870033
29186,17888,6,0.0,0.0
29187,66692,4,0.0,0.0
29189,996945,1,18.50929383639192,18.566013006125633
29201,38458,4,0.4208081508386914,10.942018587516028
29213,55852,4,-0.9282265374637069,-16.619396574226652
29221,24943,6,0.0,0.0
29510,302838,1,8.38452390574777,27.686498741068725
30013,81643,3,0.08275948798482213,1.0136752444768338
30029,102106,5,0.16894354239539844,1.6545897635339593
30057,8768,9,0.0,0.0
30063,118791,3,0.1486983549970351,1.2517644855000387
30101,4853,7,0.0,0.0
30111,160137,3,0.0,0.0
31019,49615,4,1.3521580450493471,27.253009070832352
31055,566880,2,4.017094914715518,7.086323233692347
31067,21493,6,0.2704150727080501,12.58154155809101
31079,61607,3,5.681167640865947,92.21626829525779
31111,35185,5,0.352158045049348,10.00875501063942
31119,35392,5,0.37344829577311334,10.55177146736871
32001,24440,6,0.0,0.0
32003,2231647,1,36.884840625879804,16.528080214245264
32007,52460,5,0.0,0.0
32013,16786,7,0.16894354239539755,10.064550363123887
32031,465735,2,0.854794017486249,1.8353656424495666
32510,55414,3,0.11612317403390437,2.0955566108547363
33005,76493,4,0.1919164527704349,2.5089413772558915
33011,415247,2,12.971785589162543,31.23872198754607
33013,151132,4,1.0919968807351204,7.225451133678641
33015,309176,1,5.761097874285678,18.633716311375004
33017,130090,1,2.760152459899766,21.217253131676273
34001,265429,2,5.9662284573542905,22.47768125319498
34003,936692,1,42.96866916281124,45.87278332985788
34005,445384,1,33.83558341332994,75.96946323471418
34007,507078,1,29.332445061457804,57.84602183777999
34009,92560,3,1.828016845896677,19.749533771571706
34011,150972,3,2.542720267818412,16.842330152733037
34013,799767,1,9.768302998378658,12.21393605684988
34015,291408,1,4.365912899755742,14.982131237837471
34017,676061,1,138.7347963539827,205.2104711763919
34019,124714,1,0.161902519844638,1.2981904184344821
34021,369811,2,35.79160167132946,96.78349662754611
34023,829685,1,41.40121137914389,49.899915484965845
34025,621354,1,40.2316564611109,64.74836640805547
34027,494228,1,65.67810454374705,132.89029464892127
34029,601651,1,40.9138027955006,68.00255097307343
34031,503310,1,36.203412422758674,71.93064398235416
34033,62607,1,2.576782633510284,41.15805953823508
34035,331164,1,65.90128938745175,198.99895335076204
34037,140799,1,13.027645136387903,92.5265459015185
34039,558067,1,165.97056220017305,297.40257388480785
35001,678701,2,4.1680812141654116,6.141262815533514
35003,3578,9,0.0,0.0
35005,64689,5,0.07177346253629313,1.109515721935617
35006,26746,6,0.17767152314643564,6.642919432679116
35013,217522,3,-0.8838768259660956,-4.063390489082003
35015,57900,5,0.07177346253629313,1.239610751922161
35031,72290,5,6.8792590730491625,95.16197362082117
35037,8253,7,0.0,0.0
35043,145179,2,3.4556991734973472,23.80302367076056
35045,125043,3,5.280434643624218,42.228950390059566
35053,16735,6,0.08275948798482258,4.9452935754300915
36001,307117,2,3.7172326712628845,12.103636956804358
36003,46430,7,0.08275948798482258,1.7824572040668227
36007,191659,2,1.7701088764340405,9.235720088459402
36009,76840,4,0.25869387091371143,3.366656310693798
36011,77145,4,0.16894354239539755,2.1899480510129954
36013,127939,4,0.4142135623730949,3.2375863682934436
36015,84254,3,1.0000000000000004,11.868872694471484
36019,80695,5,0.3378870847907951,4.187212154294505
36021,59916,6,3.383099208277857,56.46403645566888
36023,47823,4,0.0,0.0
36025,44527,6,0.0,0.0
36027,293718,1,20.615638752443374,70.18854395182922
36029,919719,1,38.85079486714332,42.24202703993646
36035,53591,4,0.44181680439399784,8.24423512145692
36037,57511,4,0.7461522959655711,12.974079671116328
36039,47491,6,1.6089541377292664,33.87913789411186
36043,61833,2,0.24937626119330059,4.033061006150447
36047,2582830,1,-135.3909620369186,-52.41961803019115
36049,26447,6,0.1825582103650918,6.9027946597002225
36051,63227,1,1.3246161304788484,20.95016575954653
36053,70795,2,1.335502121274371,18.864356540354134
36055,742474,1,7.249376392443935,9.763811786599847
36057,49455,4,1.562311497419607,31.590567130110344
36059,1358343,1,2411.1728641485024,1775.083954603883
36063,210433,1,1.5744791801396474,7.482092543183091
36065,229577,2,3.6036052877376434,15.696717387794264
36067,461809,2,3.5552694741942616,7.6985712149270835
36069,109864,1,0.2870938501451725,2.61317492668365
36071,381951,1,60.492431723607524,158.3774665431103
36073,40612,1,1.5037746020954703,37.02783911394343
36075,117898,2,4.440892098500626e-16,3.766723861728466e-15
36077,59749,7,1.090260730254292,18.247346905459374
36079,98892,1,7.838196196080638,79.26016458440155
36081,2278906,1,127.60903796308048,55.995744433109785
36083,159442,2,0.6786696319699281,4.2565298476557505
36087,325695,1,72.08290343518775,221.32026415876123
36089,108047,4,0.08275948798482169,0.7659582217444417
36091,230163,2,2.0599416437806575,8.949925243330412
36093,155350,2,6.860890544239492,44.16408461048917
36095,31097,2,0.11612317403390437,3.734224331411531
36099,34300,6,0.07177346253629313,2.092520773652861
36101,95796,4,3.6561190017812386,38.16567499458473
36103,1481093,1,2.4534326716620853,1.6565014294592477
36105,75498,4,10.538999146272943,139.5930904960786
36107,48560,2,1.88530309993482,38.82419892781754
36111,178599,3,6.916699943951993,38.72754015393139
36113,64265,3,1.0876835829836047,16.924976005346686
36115,61197,3,1.3816056894808435,22.576363048529235
36117,90064,1,0.8563660913168785,9.508417251253313
36119,967612,1,75.42359038910581,77.94817591049491
36123,24841,1,0.07177346253629313,2.889314541938454
37001,166436,3,0.2322463480678092,1.3954093349263934
37015,19026,7,0.168943542395398,8.879614338032061
37019,136744,2,0.16894354239539755,1.2354731644196275
37021,259103,2,1.808819449273912,6.981082616850874
37023,90382,2,-0.24223080681304054,-2.6800779669960892
37025,211342,1,1.0656449238676426,5.042277085802361
37031,69524,4,0.08755802689427927,1.2593928268551764
37035,158652,2,0.2820888539868154,1.7780352846911187
37037,73139,2,3.5815997265531863,48.96976615148124
37039,28383,9,0.07177346253629313,2.5287482837012694
37045,97645,4,0.08275948798482213,0.8475547952769945
37047,55655,6,1.7613684446688502,31.647982116051573
37049,102912,3,0.1655189759696416,1.6083544773169465
37051,332330,2,2.000290022146304,6.018987217964987
37055,36501,4,0.0,0.0
37057,166614,2,2.73493792193082,16.41481461300263
37059,42733,2,0.168943542395398,3.953467867816395
37063,316739,2,5.1971012202707065,16.408150623291437
37065,52005,3,0.4618174634629675,8.880251196288192
37067,379099,2,1.0152005633661334,2.6779299427488157
37071,222846,1,0.8554875304589804,3.8389180441155797
37077,60115,4,0.4464526967939717,7.426643879131193
37081,533670,2,2.568937820127452,4.813719752145431
37083,50574,4,0.4727333575346888,9.347359464046521
37085,134214,4,0.6767532975515618,5.042345042630141
37089,116748,2,3.2260024848430824,27.632186288785096
37091,23659,6,0.3195079107728942,13.504709022904358
37097,178435,1,0.33703593780457464,1.8888443287728003
37103,9637,3,0.25869387091371276,26.84381767289745
37107,55976,4,1.9540006104092145,34.90782854096782
37111,45507,6,0.07177346253629313,1.5771960915088477
37113,35285,7,0.07177346253629313,2.03410691614831
37119,1093901,1,7.659382802298268,7.001897614407764
37123,27271,6,0.168943542395398,6.194988903795166
37125,98682,4,0.4641016151377535,4.703001713967629
37127,94016,3,1.2595146721344253,13.396811948332466
37129,232274,2,-2.220446049250313e-15,-9.559597928525419e-15
37131,19676,9,0.7235592972457274,36.773698782563905
37133,197683,3,0.515716566510398,2.608805848304599
37135,146027,2,1.0818215499914636,7.4083666033778925
37139,39639,4,0.3195079107728942,8.060443269832593
37147,179914,3,0.08275948798482213,0.4599947084986279
37151,143351,2,2.7761835661458494,19.366335541055516
37153,44887,5,0.08275948798482258,1.843729542736707
37155,131831,4,1.276938399964751,9.686176999072684
37157,90690,2,0.168943542395398,1.8628684793846952
37159,141262,1,2.1673624887515395,15.342855748549075
37161,66826,4,1.2810998421962907,19.170679708441185
37167,62075,6,0.5730505192732629,9.231583073270446
37179,235908,1,1.785955505185001,7.570559307802197
37181,44582,4,0.9015788067719139,20.222933174193933
37183,1092305,1,4.578570786875758,4.191659643483971
37187,11859,7,-0.9999999999999991,-84.32414200185507
37191,123248,3,3.6078394555749664,29.273006098070283
37193,68557,6,0.7617295898720438,11.110894436338285
37195,81455,4,1.988826673481796,24.416262641726057
37197,37543,2,0.07177346253629313,1.9117668416560512
38017,181516,3,0.25869387091371054,1.425184947408
38029,3295,8,0.0,0.0
38049,5816,9,0.0,0.0
38059,31095,3,1.3322676295501878e-15,4.284507572118308e-14
38089,30997,7,0.16894354239539755,5.45031914041351
38101,67744,5,0.0,0.0
39003,102663,3,2.847213295387526,27.733587518263892
39007,97493,4,4.388476684076053,45.01324899301543
39009,65818,4,0.0,0.0
39011,45804,4,0.6692590185696052,14.611366224993564
39013,67505,3,0.5218712237581196,7.730852881388335
39015,43602,1,0.0,0.0
39017,382378,1,2.853154804970492,7.461608159911114
39019,27081,2,0.07177346253629313,2.6503254139911054
39021,38754,6,0.0,0.0
39023,134585,3,0.1689435423953971,1.2552925095322442
39029,102665,4,2.8655135772279365,27.911299636954528
39037,51323,6,3.3664517135893455,65.59343205949274
39039,38165,4,0.07177346253629313,1.8806095253843347
39041,204826,1,0.09026073025429238,0.4406702774759668
39043,74615,4,0.2704150727080532,3.624138212263663
39045,155782,1,0.1919164527704349,1.2319552500958704
39053,29979,6,0.07177346253629313,2.3941246384566908
39055,94031,1,2.392272681452159,25.441319154876144
39061,816684,1,17.714654395460727,21.69095316604798
39063,75930,4,0.1486983549970351,1.9583610561969589
39073,28385,1,0.07177346253629313,2.5285701087297214
39075,43892,7,0.0,0.0
39077,58504,4,0.2311444133449163,3.9509164047743113
39081,65767,3,0.2311444133449163,3.514595668723164
39083,61893,4,0.07177346253629313,1.159637802922675
39085,230514,1,2.2076927227353664,9.577260915759418
39089,175769,1,1.1878618388652677,6.758084980089024
39093,309461,1,3.575008716516436,11.552372404007084
39095,429899,2,14.92065469133469,34.707349147903784
39097,44413,1,0.08755802689428016,1.9714504062837492
39099,229642,2,10.613696002742827,46.21844437316705
39101,65256,4,0.4539170160266046,6.955942994155397
39103,179146,1,4.795875633739772,26.770765932478383
39107,40959,7,0.4142135623730949,10.1128826966746
39109,106222,2,4.001129724125512,37.66761804640763
39129,58086,1,5.0584707406327,87.08588542217917
39133,162927,2,8.873324987068706,54.461967550306
39135,40997,6,0.11612317403390437,2.832479792031231
39137,33780,6,-0.5395435972939797,-15.97227937519182
39139,121099,3,0.1689435423953971,1.3950861889478616
39141,76931,4,0.07177346253629313,0.9329589182032357
39143,58799,4,1.758821334579424,29.912436173734655
39147,55207,4,0.0,0.0
39149,48627,4,0.0,0.0
39151,371574,2,2.7838976948012117,7.492175703362484
39153,541918,2,-3.9483012556740107,-7.285790941939576
39155,198627,2,4.453003513256682,22.41892347594578
39165,232173,1,2.0811623606379435,8.963843171419345
39167,60155,4,1.8753238819021778,31.17486296903296
39169,115967,4,3.401035702597376,29.327616499498788
39171,36804,6,0.2311444133449163,6.280415534858067
39173,130696,2,3.050479234597116,23.340264695148406
39175,21935,7,0.08275948798482258,3.772942237739803
40001,22082,6,0.1776715231464343,8.045988730478864
40013,47192,6,0.07177346253629313,1.5208819828846654
40015,28977,6,-0.7253570621448988,-25.03216558459809
40017,144447,1,1.2595146721344253,8.719562691744551
40021,48675,6,0.0,0.0
40027,281669,1,3.8475377185414423,13.659784067616394
40031,120422,3,1.0875580268942806,9.031223753917729
40033,5776,3,0.0,0.0
40037,71604,2,0.4125505889923273,5.76155785978894
40041,42733,6,2.1821603951565045,51.064994153382735
40047,60913,5,0.2311444133449163,3.7946647406122884
40051,55551,1,0.16894354239539844,3.041233144234999
40055,5821,7,0.3684608299670913,63.29854491789921
40071,44161,5,0.2541784693722011,5.755722682280771
40077,10231,7,0.0,0.0
40093,7644,9,0.0,0.0
40097,41107,6,0.45391701602660195,11.042328947055292
40101,68362,4,-0.2961282328640156,-4.331766666627886
40109,792582,1,2.674333877603864,3.3742046597120097
40113,47014,2,0.47474706097265873,10.097993384367609
40115,31175,6,0.9999999999999998,32.076984763432236
40117,16390,2,0.08275948798482213,5.0493891387932965
40119,82040,4,0.0,0.0
40121,43877,5,0.08275948798482258,1.8861701571397902
40123,38247,7,0.4208081508386923,11.002383215381396
40125,72679,4,1.4772255750516603,20.325342603113146
40131,91984,2,1.2810998421962898,13.92742044481964
40133,24578,7,0.32461613047884885,13.207589326993608
40135,41179,2,0.08755802689428016,2.1262786103178843
40137,43265,4,0.1486983549970351,3.4369202588012273
40139,20455,7,0.0,0.0
40143,648360,2,2.9565660711071544,4.560068590146145
40145,80110,2,4.087115441977861,51.01879218546825
40147,51843,4,1.4373383780428277,27.724830315429813
41003,92101,3,0.7038717671359835,7.642390062387852
41005,416075,1,1.7904681547505756,4.303234163914139
41033,87393,3,0.07177346253629313,0.8212724421440291
41039,379611,2,0.6564024798866686,1.7291450455510209
41043,127335,3,1.6659812755836025,13.08345133375429
41047,346868,2,0.9709155322981182,2.7990922549734143
41051,811880,1,4.510732417671214,5.555910254805161
41053,85234,2,-0.8838768259660956,-10.370002885774404
41065,26505,6,0.07177346253629313,2.7079216199318292
41067,597695,1,3.0669575773171562,5.131308739937855
41071,107002,1,0.6401357000105978,5.982464813840843
42001,102811,3,1.546664028629258,15.04376018742409
42003,1218452,1,3.2604716620681984,2.6759130947039345
42005,65263,1,0.3246161304788484,4.973968871778012
42007,164742,1,9.615982014669044,58.36994825040999
42009,48176,6,0.0,0.0
42011,420152,2,16.05440442234392,38.21094371166607
42015,60833,6,0.08275948798482213,1.360437393928002
42017,628195,1,50.28341015755399,80.04426994413198
42019,187888,1,0.5678592903435993,3.0223286763582524
42021,131730,3,0.2820888539868154,2.1414169436484887
42025,64227,2,3.978929847265615,61.95104624637014
42027,162805,3,0.3195079107728942,1.9625190305758067
42029,522046,1,3.4400019958996353,6.589461457227209
42031,38779,6,0.0,0.0
42041,251423,2,2.1751495599074744,8.651354728515189
42045,564751,1,37.54539796079794,66.48133064093369
42051,130441,1,8.881784197001252e-16,6.809043319969375e-15
42055,154835,3,0.6465282072683056,4.175594712231121
42063,84501,4,0.337887084790796,3.9986164044306696
42069,210793,2,14.757123611225907,70.00765495640702
42071,543557,2,6.820436702148811,12.547785608774813
42073,86184,4,0.9425034294250736,10.935944368155036
42075,141314,3,2.4351246719397004,17.23201290699931
42077,368100,2,21.7573825541148,59.107260402376525
42079,317646,2,8.159475701534078,25.687323944057464
42085,110683,2,0.2820888539868154,2.5486195168798766
42089,169507,3,3.1798825325769187,18.759594191254156
42091,828604,1,41.60168982909107,50.206962347624525
42095,304807,2,10.01460254408785,32.85555300267989
42099,46139,2,0.624504792712471,13.535291027384012
42103,55933,1,4.169831251287121,74.55046665272954
42107,142067,4,1.1547960406562332,8.12853119060889
42109,40540,7,0.4142135623730949,10.217404103924395
42117,40763,6,0.0,0.0
42125,207346,1,0.16894354239539755,0.8147904584385403
42127,51276,6,0.4996304016647324,9.743942617691168
42129,350611,1,2.278244505265466,6.497926491939688
42131,27046,2,0.0,0.0
42133,448273,2,2.7635771765792523,6.164942293154511
44003,163861,1,1.8584973052619604,11.341913605201729
44007,636084,1,31.073980291593188,48.852007426052516
44009,126179,1,2.9368101229223598,23.274951639514974
45003,169401,2,0.0,0.0
45005,8903,6,0.0,0.0
45007,200482,2,2.69145816725592,13.42493673873924
45013,188715,3,0.489125293076059,2.5918728933898154
45015,221091,2,1.8711954009131748,8.463462560272353
45017,14520,2,0.0,0.0
45019,405905,2,0.8977309400714129,2.2116774616509107
45027,33700,6,4.741914886218247,140.7096405406008
45029,37660,6,0.2595146721344257,6.890989700861011
45035,160647,2,0.17767152314643564,1.1059747343332627
45037,27052,2,-1.0,-36.96584356055005
45039,22402,2,0.35215804504934756,15.719937730977035
45043,62249,4,0.4196753534142035,6.741881048919717
45045,514213,2,2.668259017474867,5.189015091946074
45051,344147,2,2.7800165840140583,8.077991625712437
45053,28971,3,0.0,0.0
45055,65592,2,0.7833508484704321,11.942780346237836
45057,95380,1,1.0919968807351204,11.448908374241146
45059,66994,2,-0.8513016450029649,-12.707132653714735
45061,17142,6,-0.5779017465153551,-33.712620844437936
45063,295032,2,2.1505470027722122,7.289199147116964
45065,9410,8,0.0,0.0
45067,31039,6,0.16894354239539755,5.442944115319357
45071,38520,6,0.07177346253629313,1.863277843621317
45075,86934,4,2.000000000000001,23.005958543262714
45083,313888,2,1.6624967693161512,5.296464883385638
45085,106512,3,0.7642575391228768,7.175318641306864
45091,274118,1,1.5839090779846559,5.778201643032037
46005,18883,7,1.3322676295501878e-15,7.055381187047545e-14
46073,2043,9,0.0,0.0
46087,5546,3,0.0,0.0
46099,192876,3,8.633451285452105,44.761667006014775
46103,111729,3,0.2311444133449163,2.0687951502735755
47001,76482,2,0.07177346253629313,0.9384360050246219
47003,49038,4,4.440892098500626e-16,9.056022061463816e-15
47005,16184,7,0.0,0.0
47009,131349,2,0.08755802689428016,0.6666059649809299
47011,106727,3,0.07177346253629313,0.6724958308234386
47013,39583,2,0.07177346253629313,1.813239586092341
47017,28020,6,0.0,0.0
47019,56351,3,0.0,0.0
47037,692587,1,13.229578775648722,19.101685096094386
47047,40507,1,0.19623119885131546,4.844377486639728
47051,41890,6,0.4142135623730949,9.888125146170804
47053,49045,4,0.07177346253629313,1.463420583877931
47059,69087,4,1.3322676295501878e-15,1.928391201745897e-14
47061,13346,8,0.0,0.0
47063,64569,3,0.39246239770263225,6.078186090889316
47065,364286,2,2.461502674991449,6.757060866987611
47075,17335,6,0.19623119885131546,11.31994224697522
47085,18486,6,0.0,0.0
47093,465289,2,1.8255473147605876,3.923469746244995
47111,24265,1,0.0875580268942806,3.6084082791790895
47113,97605,3,0.9105460086999306,9.3288869289476
47115,28575,2,0.2311444133449163,8.089043336654989
47117,33683,6,0.07177346253629313,2.130851246512874
47123,46357,6,0.07177346253629313,1.5482766903874956
47125,205950,2,0.0,0.0
47131,30267,7,0.0,0.0
47141,78843,4,0.8990565143605815,11.403124111976732
47149,324890,1,2.6700655279575027,8.218367841292446
47155,97892,4,0.1486983549970351,1.5190041576128295
47157,935764,1,8.418128325797092,8.995995064778182
47159,19942,1,0.07177346253629313,3.5991105474021228
47163,157668,2,0.3195079107728942,2.0264600982627687
47165,187149,1,3.683156503948993,19.680342956409028
47169,11012,1,6.12849866792804,556.529119862699
47187,231729,1,2.3276994507875965,10.04492079449528
47189,140625,1,1.4673916401659692,10.434784996735782
48013,50310,1,0.1486983549970351,2.9556421188041164
48021,86976,1,0.08275948798482169,0.9515209711279168
48027,355642,2,1.3734482957731111,3.861884411214398
48029,1986049,1,5.768744312195032,2.904633426564517
48037,94324,3,0.258693870913711,2.742609207770143
48039,370200,1,1.9300369479077402,5.21349796841637
48041,226758,3,1.5815956340621238,6.974817356221716
48049,37924,5,-0.32211432514396154,-8.49368012720076
48057,21561,6,0.08755802689427794,4.060944617331198
48061,423908,2,3.0700527054949553,7.242261777307706
48069,7665,6,0.0,0.0
48073,52592,6,0.07177346253629313,1.3647220591780713
48085,1005146,1,4.55835114630603,4.535013964444996
48091,148373,1,0.0932069580141146,0.6281935258713823
48099,74808,2,1.2704150727080536,16.982342432735184
48107,5779,2,0.0,0.0
48113,2637772,1,5.272921998926535,1.9990059788816221
48115,12619,7,0.07177346253629313,5.687729815064041
48121,859064,1,9.165611484245133,10.6692999406856
48123,20187,6,0.0,0.0
48135,162124,3,2.6645352591003757e-15,1.6435168507441066e-14
48139,179436,1,1.9622930867039505,10.935894060857077
48141,840758,2,9.54635478301499,11.354462024762169
48143,42446,4,0.3195079107728942,7.5273974172570846
48149,25349,6,0.07177346253629313,2.831411990070343
48157,787858,1,8.567933424894331,10.874971663541311
48167,337890,1,4.1092874505071855,12.161613100438561
48177,20826,6,0.08275948798482213,3.9738542199568876
48185,28360,6,0.07177346253629313,2.5307991021259917
48189,33830,4,0.27693839996475234,8.186177947524454
48199,57207,2,0.15722933744677547,2.7484282945579293
48201,4698619,1,14.657203606161573,3.119470552126396
48203,66726,4,0.0932069580141146,1.3968611637759585
48209,222631,1,0.5336746868385576,2.397126576436155
48215,865939,2,1.6616889767735135,1.9189446101555807
48217,36354,6,0.0,0.0
48219,22980,6,0.2820888539868154,12.275407049034612
48221,60537,1,0.1776715231464343,2.9349244783592563
48227,36459,4,0.0,0.0
48231,96493,1,0.16894354239539755,1.750837287631202
48245,255001,2,4.96488446247594,19.470058793792727
48251,171361,1,0.4357722987992636,2.54300744509698
48273,31129,4,0.07177346253629313,2.305678387879249
48285,20110,6,0.0,0.0
48293,23519,6,0.0,0.0
48303,307412,2,8.518374592455743,27.709961200134487
48305,5877,2,0.0,0.0
48309,254607,2,0.18255821036509268,0.7170196041942786
48321,36552,4,0.15722933744677503,4.3015248809032345
48325,50921,1,0.168943542395398,3.3177577501501934
48329,172578,3,0.36846082996708773,2.1350394022823753
48331,25131,6,0.0,0.0
48337,19596,6,0.1486983549970351,7.588199377272662
48339,590925,1,0.7812687876124045,1.3221115837245072
48341,21485,7,2.237126114851617,104.12502279970292
48347,65711,5,0.5719766448542467,8.704427643077212
48349,49565,4,1.3322676295501878e-15,2.6879201645318024e-14
48355,362265,2,0.4641016151377544,1.2811108308496664
48357,9947,7,0.07177346253629313,7.215588874665038
48359,2131,2,0.0,0.0
48363,28875,6,0.3195079107728942,11.065209031095902
48365,23148,6,1.8044977359257248,77.95480110271838
48375,119648,2,1.523065817213224,12.729555171947915
48381,136271,2,1.4379334588399213,10.552013699465927
48401,54450,3,0.1486983549970351,2.7309156105975223
48405,8232,9,0.07177346253629313,8.71883655688692
48423,230221,3,0.5539933576267306,2.406354579411655
48439,2084931,1,19.493908057873796,9.349905612163566
48451,118189,3,0.7411011265922482,6.2704746346296885
48453,1248743,1,5.553573251443346,4.447330837044409
48467,56019,6,0.0,0.0
48469,92035,3,-1.8223284768535648,-19.80038547132683
48471,72480,4,2.0378041299843233,28.11539914437532
48477,35108,6,2.7899013403753123,79.46625670432131
48479,275910,2,2.1512276890123356,7.7968456707344265
48485,132064,3,0.16894354239539755,1.2792550762917794
48489,21515,6,0.0,0.0
48491,566719,1,2.7632113789616994,4.87580507969858
48493,50224,1,0.08755802689428016,1.743350328414307
48497,68305,1,0.29739670999407064,4.353952272806832
48503,18045,7,0.0,0.0
49003,54950,2,0.0,0.0
49011,351713,2,0.3521580450493471,1.0012653642297757
49021,52775,4,0.07177346253629313,1.3599898159411299
49037,15449,7,0.16894354239539755,10.935564916525182
49049,622213,2,3.406700513175373,5.475135545505114
49051,33240,6,0.2311444133449163,6.953803048884366
49053,171700,3,1.5209805723751373,8.858360934042734
49057,256359,2,0.0,0.0
50001,36973,6,0.14354692507258626,3.8824797845072423
50003,35631,6,0.43096908110525556,12.095340605238572
50007,164572,3,2.3910966638021023,14.529182751635163
50011,49421,3,0.17109847064690076,3.462060068531611
50015,25300,8,0.19623119885131546,7.756173867640927
50021,58672,4,0.07177346253629313,1.2233000841337116
50023,58140,4,0.374108810316637,6.434620060485672
50025,42756,7,0.4641016151377535,10.854654671572494
51001,32412,8,2.3154404792462513,71.43775389504663
51003,108718,3,0.7428812195586252,6.833102334099461
51007,13013,1,0.11612317403390437,8.923628220541334
51015,75457,3,0.07177346253629313,0.9511836216161937
51023,33277,2,0.08755802689427927,2.631187513726576
51036,6941,1,0.1486983549970351,21.423189021327634
51047,51859,1,0.4586505176748883,8.844183606989883
51059,1150795,1,26.978154507326025,23.44305850071127
51061,70675,1,4.440892098500626e-16,6.283540287938629e-15
51065,26783,3,1.0940988340576556,40.85049598841264
51073,37349,1,0.0,0.0
51075,23244,1,1.3631390507396137,58.64477072533186
51079,19779,3,0.07177346253629313,3.6287710468827106
51081,11627,6,1.3516941459456442,116.2547644229504
51085,107239,1,2.17275378209092,20.260854559357323
51089,50953,4,0.1486983549970351,2.9183434733388633
51093,36953,1,0.2322463480678092,6.2849118628476495
51095,76397,1,-0.8135860839717619,-10.649450684866707
51099,26575,6,0.0,0.0
51107,406850,1,3.658520451284007,8.992307856173055
51117,30650,7,2.011257255779169,65.62013885087012
51121,98985,3,0.7411011265922482,7.487004360178292
51143,60949,4,0.0,0.0
51147,22950,6,0.25869387091371143,11.272064092100717
51153,468011,1,8.603382209612935,18.382863243840283
51165,81244,3,0.11612317403390437,1.429313845132002
51169,21534,2,0.0,0.0
51171,43497,6,0.4494897427831783,10.33381021181181
51175,17586,6,1.1324046753679737,64.39239596087647
51177,134238,1,0.3256840730021153,2.4261689909125237
51179,149960,1,1.7461522959655706,11.64412040521186
51181,6474,8,0.0,0.0
51183,11237,1,0.1486983549970351,13.232922932903364
51191,54402,2,0.08755802689427927,1.6094633817558044
51195,38012,7,0.07177346253629313,1.8881790628299782
51199,67846,1,0.1486983549970351,2.1917040797841447
51510,160530,1,6.876262836921381,42.83475261272896
51540,48117,3,0.0,0.0
51550,242634,1,3.533647168196268,14.563693333153095
51570,17833,1,0.6806348859944409,38.16715561007351
51590,40693,4,0.4142135623730949,10.178988090656745
51600,24574,1,0.3521580450493471,14.330513756382645
51610,14772,1,0.258693870913711,17.51244725925474
51650,134313,1,0.335141362540313,2.495226542034747
51660,54033,3,-1.5598975525042,-28.86934933289286
51680,82126,2,1.5209805723751373,18.520085872624225
51683,41641,1,1.47213595499958,35.353040392871925
51685,17307,1,1.4494897427831783,83.75164631554736
51700,178626,1,2.4473011330779,13.700699411496089
51710,244076,1,1.4539170160266015,5.956820891962345
51730,31567,1,0.168943542395398,5.351903646067032
51740,94632,1,0.8946171020879312,9.453642553131406
51800,91185,1,2.0844924833351843,22.860037104076156
51810,450189,1,2.0135667220501787,4.472714175713264
51830,14896,1,-0.8513016450029649,-57.14968078698744
53003,22610,3,0.4914618792310348,21.736482938126265
53007,77036,3,2.85285219152411,37.03271446497884
53011,481857,1,3.196853148946392,6.634443722818994
53017,42907,3,1.258693870913711,29.335396809697976
53021,94347,2,2.4738900426392583,26.221183955390824
53025,97331,5,1.4827548953825969,15.234148373926056
53029,84460,4,2.6826679274135525,31.762584980032592
53033,2233163,1,39.63428524541524,17.748048505825704
53039,22107,6,-8.881784197001252e-16,-4.017634322613314e-14
53041,79604,4,-8.881784197001252e-16,-1.1157459671626115e-14
53045,65507,4,0.07177346253629313,1.09566096045145
53047,42132,6,0.07177346253629313,1.703537988614192
53057,128206,3,4.300501264565604,33.543681766575695
53061,814901,1,7.225684078305562,8.866947124013299
53063,514631,2,5.174679808466028,10.055126505138686
53065,45260,2,0.07177346253629313,1.585803414412133
53067,286419,2,0.8346295092848035,2.914015862372271
53077,251446,3,6.578806708711703,26.163894866936452
54001,16535,6,0.0,0.0
54003,117123,2,0.37707151785332993,3.219448937043364
54027,23347,3,0.0,0.0
54033,67554,5,0.07177346253629313,1.062460587623133
54035,28706,6,2.7038045063119966,94.18952505789719
54039,180454,3,-0.9754226377897268,-5.405381082102513
54045,32607,6,0.2311444133449163,7.088797293370022
54049,56097,4,0.08275948798482258,1.4752925822204854
54059,23785,7,0.0,0.0
54061,106420,3,-0.7230616000352494,-6.794414584056093
54069,41755,3,0.07177346253629313,1.718918992606709
54099,39944,2,0.27464293785510296,6.8756994255733765
54107,84203,3,0.08275948798482169,0.9828567626429188
55001,20348,8,0.0,0.0
55007,15042,8,0.0,0.0
55009,263378,2,1.8372624405833031,6.975762746255584
55011,13125,8,0.0,0.0
55019,34709,6,0.45391701602660195,13.077790084030136
55021,57358,2,0.19623119885131546,3.4211652925714886
55025,542364,2,7.14640033554031,13.176391382061327
55027,87847,4,0.11612317403390437,1.32187979138621
55029,27610,6,-0.8310564576046024,-30.099835480065284
55039,103066,3,0.1776715231464343,1.723861633772867
55043,51554,6,0.4807406984078595,9.324993180119089
55051,5676,9,0.0,0.0
55053,20478,6,0.0,0.0
55057,26617,7,0.07177346253629313,2.6965271268848157
55059,169290,1,4.323431353138226,25.538610391270755
55061,20383,2,0.3195079107728942,15.675215168174173
55073,135428,3,0.2311444133449163,1.706769747355911
55075,40434,6,0.1486983549970351,3.677557377381291
55077,15434,8,0.07177346253629313,4.650347449546011
55079,948201,1,23.92746760247894,25.234594355499457
55087,187365,3,0.16894354239539755,0.9016814367432421
55089,89147,1,2.556927159950785,28.6821447715659
55101,196584,3,4.211988493768825,21.42589678594812
55103,17377,6,0.2586938709137119,14.887142252040737
55105,163129,3,1.485915429225182,9.108836744080955
55111,64249,4,0.6634850861770585,10.326776855313833
55117,115456,3,0.258693870913711,2.240627346467148
55127,103718,4,2.7152582962091074,26.179238861230523
55131,135693,1,0.2769383999647541,2.040918838589714
55133,403072,1,7.855336391905414,19.48866800945095
55135,51128,6,0.07177346253629313,1.4037995332556161
55139,171020,3,0.5336746868385576,3.1205396260002196
56013,39531,7,0.3378870847907951,8.547395330014295
56019,8460,7,0.1486983549970351,17.57663770650533
56021,98976,3,1.0827594879848217,10.939616553354568
56039,23081,7,0.335141362540313,14.520227136619427
