FIPS code,CBSA 2012 pop,County 2012 pop,2013 code
1001,377149,55514,3
1003,190790,190790,4
1005,.,27201,6
1007,1136650,22597,2
1009,1136650,57826,2
1011,.,10474,6
1013,.,20307,6
1015,117296,117296,4
1017,34064,34064,5
1019,.,26021,6
1021,1136650,43819,2
1023,.,13633,6
1025,.,25161,6
1027,.,13435,6
1029,.,14832,6
1031,51252,51252,5
1033,146988,54446,4
1035,.,12981,6
1037,92728,10966,5
1039,.,37955,6
1041,.,14083,6
1043,80440,80440,5
1045,50444,50444,5
1047,42864,42864,5
1049,.,71080,6
1051,377149,80629,3
1053,.,37994,6
1055,104392,104392,4
1057,.,16983,6
1059,.,31761,6
1061,147620,26931,4
1063,.,8876,6
1065,233389,15388,4
1067,147620,17287,4
1069,147620,103402,4
1071,53019,53019,5
1073,1136650,660009,1
1075,.,14259,6
1077,146988,92542,4
1079,154233,33838,4
1081,147257,147257,4
1083,430734,87654,3
1085,377149,10857,3
1087,.,20535,6
1089,430734,343080,3
1091,.,20401,6
1093,.,30327,6
1095,94776,94776,5
1097,413936,413936,3
1099,.,22602,6
1101,377149,230149,3
1103,154233,120395,4
1105,.,10181,6
1107,233389,19405,4
1109,33182,33182,5
1111,.,22675,6
1113,310531,57820,3
1115,1136650,85237,2
1117,1136650,200941,2
1119,.,13427,6
1121,92728,81762,5
1123,.,41168,6
1125,233389,198596,4
1127,1136650,66221,2
1129,.,17109,6
1131,.,11431,6
1133,.,24108,6
2013,.,3161,6
2016,.,5547,6
2020,392535,298610,3
2050,.,17746,6
2060,.,991,6
2068,.,1875,6
2070,.,5034,6
2090,100272,100272,4
2100,.,2552,6
2105,.,2129,6
2110,32556,32556,5
2122,.,56900,6
2130,13779,13779,5
2150,.,14239,6
2158,.,7809,6
2164,.,1654,6
2170,392535,93925,3
2180,.,9915,6
2185,.,9643,6
2188,.,7810,6
2195,.,3844,6
2198,.,5751,6
2201,.,.,6
2220,.,9046,6
2230,.,959,6
2232,.,.,6
2240,.,7144,6
2261,.,9717,6
2270,.,7809,6
2275,.,2403,6
2280,.,.,6
2282,.,668,6
2290,.,5770,6
4001,.,73195,6
4003,132088,132088,4
4005,136011,136011,4
4007,53144,53144,5
4009,37416,37416,5
4011,.,8802,6
4012,.,20281,6
4013,4329534,3942169,1
4015,203334,203334,4
4017,107094,107094,5
4019,992394,992394,3
4021,4329534,387365,2
4023,47303,47303,5
4025,212637,212637,4
4027,200022,200022,4
5001,.,18892,6
5003,.,21524,6
5005,41048,41048,5
5007,482200,232268,3
5009,45413,37327,5
5011,.,11397,6
5013,30703,5307,5
5015,.,27610,6
5017,.,11433,6
5019,22936,22936,5
5021,.,15684,6
5023,.,25808,6
5025,97451,8627,4
5027,24473,24473,5
5029,.,21287,6
5031,124042,99735,4
5033,280521,61946,3
5035,1341690,50021,2
5037,.,17683,6
5039,.,7987,6
5041,.,12545,6
5043,.,18743,6
5045,717666,118704,3
5047,.,18045,6
5049,.,12318,6
5051,96903,96903,4
5053,717666,17986,3
5055,43163,43163,5
5057,.,22373,6
5059,33394,33394,5
5061,.,13735,6
5063,37025,37025,5
5065,.,13474,6
5067,.,17600,6
5069,97451,74723,4
5071,.,25901,6
5073,.,7447,6
5075,.,17012,6
5077,.,10216,6
5079,97451,14101,4
5081,149701,12919,4
5083,.,21983,6
5085,717666,69839,3
5087,482200,15645,3
5089,.,16568,6
5091,149701,43634,4
5093,45562,45562,5
5095,.,7828,6
5097,.,9340,6
5099,.,8925,6
5101,45413,8086,5
5103,30703,25396,5
5105,717666,10339,3
5107,20784,20784,5
5109,.,11247,6
5111,124042,24307,4
5113,.,20471,6
5115,84697,62765,5
5117,.,8458,6
5119,717666,388953,3
5121,.,17930,6
5123,27858,27858,5
5125,717666,111845,3
5127,.,11010,6
5129,.,8007,6
5131,280521,127304,3
5133,.,17177,6
5135,.,17054,6
5137,.,12663,6
5139,40867,40867,5
5141,.,17030,6
5143,482200,211411,3
5145,78493,78493,5
5147,.,7100,6
5149,84697,21932,5
6001,4455560,1554720,1
6003,.,1129,6
6005,.,37035,6
6007,221539,221539,4
6009,.,44742,6
6011,.,21411,6
6013,4455560,1079597,2
6015,28290,28290,5
6017,2196482,180561,2
6019,947895,947895,3
6021,.,27992,6
6023,134827,134827,5
6025,176948,176948,4
6027,.,18495,6
6029,856158,856158,3
6031,151364,151364,4
6033,63983,63983,5
6035,33658,33658,5
6037,13052921,9962789,1
6039,152218,152218,4
6041,4455560,256069,2
6043,.,17905,6
6045,87428,87428,5
6047,262305,262305,3
6049,.,9327,6
6051,.,14348,6
6053,426762,426762,3
6055,139045,139045,4
6057,98292,98292,5
6059,13052921,3090132,1
6061,2196482,361682,2
6063,.,19399,6
6065,4350096,2268783,1
6067,2196482,1450121,1
6069,1894388,56884,2
6071,4350096,2081313,2
6073,3177063,3177063,1
6075,4455560,825863,1
6077,702612,702612,3
6079,", CA        274804",274804,3
6081,4455560,739311,2
6083,431249,431249,3
6085,1894388,1837504,1
6087,266776,266776,3
6089,178586,178586,4
6091,.,3086,6
6093,.,44154,6
6095,420757,420757,3
6097,491829,491829,3
6099,521726,521726,3
6101,167948,95022,4
6103,63406,63406,5
6105,.,13526,6
6107,451977,451977,3
6109,54008,54008,5
6111,835981,835981,3
6113,2196482,204118,2
6115,167948,72926,4
8001,2645209,459598,2
8003,.,16148,6
8005,2645209,595546,2
8007,.,12070,6
8009,.,3751,6
8011,.,5773,6
8013,305318,305318,3
8014,2645209,58298,2
8015,.,18150,6
8017,.,1874,6
8019,2645209,9026,2
8021,.,8275,6
8023,.,3594,6
8025,.,5365,6
8027,.,4249,6
8029,.,30432,6
8031,2645209,634265,1
8033,.,1994,6
8035,2645209,298215,2
8037,51874,51874,5
8039,2645209,23383,2
8041,668353,644964,3
8043,46788,46788,5
8045,74216,56953,5
8047,2645209,5491,2
8049,.,14195,6
8051,.,15475,6
8053,.,810,6
8055,.,6596,6
8057,.,1348,6
8059,2645209,545358,2
8061,.,1444,6
8063,.,8094,6
8065,.,7338,6
8067,52401,52401,5
8069,310487,310487,3
8071,.,14945,6
8073,.,5453,6
8075,22631,22631,5
8077,147848,147848,4
8079,.,709,6
8081,13200,13200,5
8083,.,25431,6
8085,40725,40725,5
8087,28472,28472,5
8089,.,18698,6
8091,.,4530,6
8093,2645209,16029,2
8095,.,4367,6
8097,74216,17263,5
8099,.,12389,6
8101,160852,160852,4
8103,.,6857,6
8105,.,11943,6
8107,23334,23334,5
8109,.,6304,6
8111,.,690,6
8113,.,7580,6
8115,.,2383,6
8117,28044,28044,5
8119,668353,23389,3
8121,.,4766,6
8123,263691,263691,3
8125,.,10119,6
9001,933835,933835,3
9003,1214400,897259,1
9005,187530,187530,5
9007,1214400,165602,2
9009,862813,862813,3
9011,274170,274170,3
9013,1214400,151539,2
9015,923762,117599,3
10001,167626,167626,4
10003,MD         6018800,546076,2
10005,381868,203390,3
11001,-WV        5860342,632323,1
12001,268232,251417,3
12003,1377850,27086,2
12005,187621,171903,4
12007,.,27049,6
12009,547307,547307,3
12011,5762717,1815137,2
12013,.,14723,6
12015,162449,162449,4
12017,139360,139360,4
12019,1377850,194345,2
12021,332427,332427,3
12023,67966,67966,5
12027,34712,34712,5
12029,.,16126,6
12031,1377850,879602,1
12033,461227,302715,3
12035,595309,98359,3
12037,.,11686,6
12039,375371,46528,3
12041,268232,16815,3
12043,.,13107,6
12045,187621,15718,4
12047,.,14708,6
12049,27514,27514,5
12051,37447,37447,5
12053,2842878,173422,2
12055,98128,98128,4
12057,2842878,1277746,1
12059,.,19804,6
12061,140567,140567,4
12063,.,48968,6
12065,375371,14256,3
12067,.,8804,6
12069,2223674,303186,2
12071,645293,645293,3
12073,375371,283769,3
12075,.,40025,6
12077,.,8276,6
12079,.,18907,6
12081,720042,333895,3
12083,335125,335125,3
12085,432683,148817,3
12086,5762717,2591035,1
12087,74809,74809,5
12089,1377850,74629,2
12091,247665,190083,4
12093,39467,39467,5
12095,2223674,1202234,1
12097,2223674,287416,2
12099,5762717,1356545,2
12101,2842878,470391,2
12103,2842878,921319,1
12105,616158,616158,3
12107,73263,73263,5
12109,1377850,202188,2
12111,432683,283866,3
12113,461227,158512,3
12115,720042,386147,3
12117,2223674,430838,2
12119,101620,101620,4
12121,.,43656,6
12123,.,22744,6
12125,.,15212,6
12127,595309,496950,3
12129,375371,30818,3
12131,247665,57582,4
12133,.,24892,6
13001,.,18368,6
13003,.,8284,6
13005,.,11198,6
13007,157399,3366,4
13009,55363,46367,5
13011,.,18316,6
13013,5457831,70169,2
13015,5457831,100661,2
13017,17538,17538,5
13019,.,19041,6
13021,232723,156462,4
13023,.,12913,6
13025,113448,18587,4
13027,144343,15403,4
13029,361941,32214,3
13031,72694,72694,5
13033,575898,23125,3
13035,5457831,23524,2
13037,.,6504,6
13039,51402,51402,5
13043,.,11117,6
13045,5457831,111580,2
13047,537889,65046,3
13049,.,13295,6
13051,361941,276434,3
13053,310531,13037,3
13055,25725,25725,5
13057,5457831,221315,2
13059,196425,120266,4
13061,.,3116,6
13063,5457831,265888,2
13065,.,6718,6
13067,5457831,707442,2
13069,43170,43170,5
13071,46137,46137,5
13073,575898,131627,3
13075,.,16923,6
13077,5457831,130929,2
13079,232723,12600,4
13081,23606,23606,5
13083,537889,16490,3
13085,5457831,22422,2
13087,27509,27509,5
13089,5457831,707089,2
13091,.,21329,6
13093,.,14318,6
13095,157399,94501,4
13097,5457831,133971,2
13099,.,10594,6
13101,144343,3988,4
13103,361941,53293,3
13105,.,19684,6
13107,.,22898,6
13109,.,10689,6
13111,.,23492,6
13113,5457831,107524,2
13115,96177,96177,4
13117,5457831,187928,2
13119,.,21894,6
13121,5457831,977773,1
13123,.,28190,6
13125,.,3142,6
13127,113448,81022,4
13129,55766,55766,5
13131,.,25440,6
13133,.,16092,6
13135,5457831,842046,2
13137,43520,43520,5
13139,185416,185416,4
13141,55363,8996,5
13143,5457831,28400,2
13145,310531,32550,3
13147,.,25518,6
13149,5457831,11633,2
13151,5457831,209053,2
13153,185478,146136,4
13155,.,9600,6
13157,60571,60571,5
13159,5457831,13630,2
13161,.,15156,6
13163,.,16432,6
13165,.,9213,6
13167,57938,9897,5
13169,232723,28577,4
13171,5457831,18057,2
13173,144343,10400,4
13175,57938,48041,5
13177,157399,28746,4
13179,81519,65471,4
13181,575898,7737,3
13183,81519,16048,4
13185,144343,114552,4
13187,.,30611,6
13189,575898,21663,3
13191,113448,13839,4
13193,.,14263,6
13195,196425,27922,4
13197,310531,8711,3
13199,5457831,21273,2
13201,.,5969,6
13205,.,23144,6
13207,232723,26637,4
13209,36228,8913,5
13211,5457831,17881,2
13213,142751,39392,4
13215,310531,198413,3
13217,5457831,101505,2
13219,196425,33619,4
13221,196425,14618,4
13223,5457831,144800,2
13225,185478,27622,4
13227,5457831,29268,2
13229,54665,18844,5
13231,5457831,17810,2
13233,41188,41188,5
13235,185478,11720,4
13237,.,21198,6
13239,.,2404,6
13241,.,16297,6
13243,.,7327,6
13245,575898,202587,3
13247,5457831,85820,2
13249,36544,4990,5
13251,.,14202,6
13253,.,8947,6
13255,5457831,63865,2
13257,25891,25891,5
13259,.,6042,6
13261,36544,31554,5
13263,.,6517,6
13265,.,1680,6
13267,.,25384,6
13269,.,8420,6
13271,.,16349,6
13273,157399,9045,4
13275,44724,44724,5
13277,41064,41064,5
13279,36228,27315,5
13281,.,10495,6
13283,.,6769,6
13285,68468,68468,5
13287,.,8410,6
13289,232723,8447,4
13291,.,21451,6
13293,26630,26630,5
13295,537889,68094,3
13297,5457831,84575,2
13299,54665,35821,5
13301,.,5578,6
13303,.,20879,6
13305,30305,30305,5
13307,.,2793,6
13309,.,7888,6
13311,.,27556,6
13313,142751,103359,4
13315,.,9068,6
13317,.,10076,6
13319,.,9577,6
13321,157399,21741,4
15001,189191,189191,5
15003,976372,976372,3
15005,158316,90,4
15007,68434,68434,5
15009,158316,158226,4
16001,637896,409061,3
16003,.,3915,6
16005,83800,83800,4
16007,.,5907,6
16009,.,9117,6
16011,45474,45474,5
16013,27500,21146,5
16015,637896,6835,3
16017,40476,40476,5
16019,136108,106684,4
16021,.,10808,6
16023,136108,2740,4
16025,27500,1077,5
16027,637896,193888,3
16029,.,6787,6
16031,43286,23249,5
16033,.,869,6
16035,.,8590,6
16037,.,4331,6
16039,26223,26223,5
16041,128306,12786,4
16043,50413,12957,5
16045,637896,16673,3
16047,.,15291,6
16049,.,16308,6
16051,136108,26684,4
16053,101094,22499,5
16055,142357,142357,4
16057,38184,38184,5
16059,.,7758,6
16061,.,3889,6
16063,27500,5277,5
16065,50413,37456,5
16067,43286,20037,5
16069,61419,39531,4
16071,.,4215,6
16073,637896,11439,3
16075,53269,22639,5
16077,.,7778,6
16079,.,12702,6
16081,31727,10052,5
16083,101094,78595,5
16085,.,9545,6
16087,.,10099,6
17001,77371,67197,5
17003,97080,7748,4
17005,2795794,17644,2
17007,346009,53940,3
17009,.,6914,6
17011,153182,34323,5
17013,2795794,5014,2
17015,.,15011,6
17017,.,13338,6
17019,233788,203276,4
17021,34638,34638,5
17023,.,16209,6
17025,.,13766,6
17027,2795794,38061,2
17029,64623,53655,5
17031,9522434,5231351,1
17033,.,19600,6
17035,64623,10968,5
17037,9522434,104704,2
17039,188715,16434,4
17041,.,19853,6
17043,9522434,927987,2
17045,.,18191,6
17047,.,6684,6
17049,34353,34353,5
17051,.,22014,6
17053,233788,14008,4
17055,.,39407,6
17057,36651,36651,5
17059,.,5430,6
17061,.,13576,6
17063,9522434,50281,2
17065,.,8370,6
17067,61477,18891,5
17069,.,4258,6
17071,47383,7043,5
17073,382630,50155,3
17075,.,29240,6
17077,126745,60071,4
17079,.,9614,6
17081,38720,38720,5
17083,2795794,22742,2
17085,.,22549,6
17087,.,12760,6
17089,9522434,522487,2
17091,113040,113040,4
17093,9522434,118105,2
17095,52247,52247,5
17097,9522434,702120,2
17099,153182,112973,5
17101,.,16604,6
17103,35037,35037,5
17105,38647,38647,5
17107,30013,30013,5
17109,32537,32537,5
17111,9522434,308145,2
17113,188715,172281,4
17115,110122,110122,4
17117,2795794,47231,2
17119,2795794,267883,2
17121,38894,38894,5
17123,380447,12327,3
17125,.,14327,6
17127,98539,15234,5
17129,211993,12722,4
17131,382630,16219,3
17133,2795794,33357,2
17135,.,29620,6
17137,40562,35272,5
17139,.,14933,6
17141,52848,52848,5
17143,380447,187254,3
17145,.,22058,6
17147,233788,16504,4
17149,.,16308,6
17151,.,4272,6
17153,.,5998,6
17155,153182,5886,5
17157,.,32956,6
17159,.,16176,6
17161,382630,147457,3
17163,2795794,268858,2
17165,.,24946,6
17167,211993,199271,4
17169,.,7457,6
17171,40562,5290,5
17173,.,22196,6
17175,380447,5946,3
17177,46959,46959,5
17179,380447,135949,3
17181,.,17647,6
17183,80727,80727,4
17185,.,11727,6
17187,.,17731,6
17189,.,14598,6
17191,.,16574,6
17193,.,14568,6
17195,57846,57846,5
17197,9522434,682518,2
17199,126745,66674,4
17201,346009,292069,3
17203,380447,38971,3
18001,34365,34365,5
18003,421406,360412,3
18005,79129,79129,4
18007,206412,8804,4
18009,.,12502,6
18011,1928982,58944,2
18013,1928982,15083,2
18015,206412,20095,4
18017,38581,38581,5
18019,1251351,111951,2
18021,172493,26837,4
18023,33022,33022,5
18025,.,10665,6
18027,32064,32064,5
18029,2128603,49831,2
18031,26042,26042,5
18033,42321,42321,5
18035,117364,117364,4
18037,54837,42071,5
18039,199619,199619,4
18041,24029,24029,5
18043,1251351,75283,2
18045,.,17119,6
18047,.,22969,6
18049,.,20737,6
18051,.,33458,6
18053,69330,69330,5
18055,.,32940,6
18057,1928982,289495,2
18059,1928982,70933,2
18061,1251351,39134,2
18063,1928982,150434,2
18065,49345,49345,5
18067,82849,82849,4
18069,36987,36987,5
18071,43083,43083,5
18073,9522434,33456,2
18075,.,21366,6
18077,32554,32554,5
18079,28161,28161,5
18081,1928982,143191,2
18083,38122,38122,5
18085,77609,77609,5
18087,.,37521,6
18089,9522434,493618,2
18091,111246,111246,4
18093,46078,46078,5
18095,1928982,130348,2
18097,1928982,918977,1
18099,47024,47024,5
18101,.,10260,6
18103,36486,36486,5
18105,162399,141019,4
18107,38254,38254,5
18109,1928982,69356,2
18111,9522434,14044,2
18113,47582,47582,5
18115,2128603,6079,2
18117,.,19690,6
18119,162399,21380,4
18121,.,17069,6
18123,.,19462,6
18125,54837,12766,5
18127,9522434,165682,2
18129,313433,25599,3
18131,.,13124,6
18133,1928982,37750,2
18135,.,25815,6
18137,.,28583,6
18139,.,17095,6
18141,318586,266344,3
18143,1251351,23791,2
18145,1928982,44471,2
18147,.,20837,6
18149,.,23213,6
18151,34124,34124,5
18153,172493,21188,4
18155,.,10424,6
18157,206412,177513,4
18159,.,15695,6
18161,2128603,7362,2
18163,313433,180858,3
18165,172493,16040,4
18167,172493,108428,4
18169,32361,32361,5
18171,.,8342,6
18173,313433,60463,3
18175,1251351,27921,2
18177,68346,68346,5
18179,421406,27652,3
18181,.,24426,6
18183,421406,33342,3
19001,.,7481,6
19003,.,3911,6
19005,.,14237,6
19007,.,12700,6
19009,.,5910,6
19011,261761,25827,3
19013,168747,131820,4
19015,26195,26195,5
19017,168747,24479,4
19019,.,20942,6
19021,20592,20592,5
19023,.,14986,6
19025,.,9909,6
19027,.,20631,6
19029,.,13723,6
19031,.,18416,6
19033,51307,43788,5
19035,.,11946,6
19037,.,12276,6
19039,.,9370,6
19041,16599,16599,5
19043,.,17835,6
19045,48717,48717,5
19047,.,17309,6
19049,588999,71967,3
19051,44055,8689,5
19053,.,8253,6
19055,.,17574,6
19057,47383,40340,5
19059,16972,16972,5
19061,95097,95097,4
19063,.,10120,6
19065,.,20793,6
19067,.,16056,6
19069,.,10554,6
19071,.,7147,6
19073,.,9153,6
19075,168747,12448,4
19077,588999,10777,3
19079,.,15344,6
19081,.,11134,6
19083,.,17302,6
19085,885624,14548,3
19087,.,20236,6
19089,.,9563,6
19091,.,9729,6
19093,.,7108,6
19095,.,16189,6
19097,.,19712,6
19099,36602,36602,5
19101,16867,16867,5
19103,158231,136317,4
19105,261761,20639,3
19107,.,10374,6
19109,.,15346,6
19111,61477,35617,5
19113,261761,215295,3
19115,.,11278,6
19117,.,8760,6
19119,.,11757,6
19121,588999,15654,3
19123,22443,22443,5
19125,.,33419,6
19127,40857,40857,5
19129,885624,14837,3
19131,.,10725,6
19133,.,9124,6
19135,.,8063,6
19137,.,10566,6
19139,42879,42879,5
19141,.,14172,6
19143,.,6193,6
19145,.,15713,6
19147,.,9275,6
19149,168921,24907,4
19151,.,7150,6
19153,588999,443710,3
19155,885624,92913,3
19157,.,18736,6
19159,.,5096,6
19161,.,10153,6
19163,382630,168799,3
19165,.,12069,6
19167,.,34268,6
19169,91140,91140,4
19171,.,17536,6
19173,.,6208,6
19175,.,12594,6
19177,.,7449,6
19179,44055,35366,5
19181,588999,46891,3
19183,158231,21914,4
19185,.,6344,6
19187,37273,37273,5
19189,.,10600,6
19191,.,21061,6
19193,168921,102323,4
19195,51307,7519,5
19197,.,12991,6
20001,.,13319,6
20003,.,7917,6
20005,16813,16813,5
20007,.,4861,6
20009,27557,27557,5
20011,.,14897,6
20013,.,9881,6
20015,636105,65827,3
20017,.,2757,6
20019,.,3571,6
20021,.,21226,6
20023,.,2678,6
20025,.,2181,6
20027,.,8531,6
20029,.,9397,6
20031,.,8502,6
20033,.,1913,6
20035,36288,36288,5
20037,39361,39361,5
20039,.,2871,6
20041,.,19762,6
20043,127927,7864,4
20045,112864,112864,4
20047,.,2979,6
20049,.,2720,6
20051,29053,29053,5
20053,.,6494,6
20055,41168,37200,5
20057,34752,34752,5
20059,25906,25906,5
20061,38013,38013,5
20063,.,2729,6
20065,.,2578,6
20067,.,7923,6
20069,.,6030,6
20071,.,1298,6
20073,.,6454,6
20075,.,2639,6
20077,.,5911,6
20079,636105,34852,3
20081,.,4256,6
20083,.,1963,6
20085,234566,13449,4
20087,234566,18945,4
20089,.,3046,6
20091,2038724,559913,2
20093,41168,3968,5
20095,636105,7863,3
20097,.,2496,6
20099,21284,21284,5
20101,.,1704,6
20103,2038724,77739,2
20105,.,3174,6
20107,2038724,9441,2
20109,.,2784,6
20111,33748,33748,5
20113,29356,29356,5
20115,.,12347,6
20117,.,10022,6
20119,.,4396,6
20121,2038724,32612,2
20123,.,6355,6
20125,34459,34459,5
20127,.,5854,6
20129,.,3169,6
20131,.,10132,6
20133,.,16406,6
20135,.,3068,6
20137,.,5612,6
20139,234566,16142,4
20141,.,3806,6
20143,62060,6072,5
20145,.,6928,6
20147,.,5519,6
20149,97810,22302,4
20151,.,9728,6
20153,.,2560,6
20155,64438,64438,5
20157,.,4858,6
20159,.,9985,6
20161,97810,75508,4
20163,.,5223,6
20165,.,3220,6
20167,.,6946,6
20169,62060,55988,5
20171,.,4937,6
20173,636105,503889,3
20175,23547,23547,5
20177,234566,178991,4
20179,.,2538,6
20181,.,6113,6
20183,.,3765,6
20185,.,4358,6
20187,.,2175,6
20189,.,5756,6
20191,636105,23674,3
20193,.,7941,6
20195,.,2986,6
20197,234566,7039,4
20199,.,1517,6
20201,.,5758,6
20203,.,2256,6
20205,.,9105,6
20207,.,3278,6
20209,2038724,159129,2
21001,.,18675,6
21003,162231,20210,4
21005,71532,21728,5
21007,98539,8333,5
21009,52600,42631,5
21011,44924,11802,5
21013,28183,28183,5
21015,2128603,123316,2
21017,485023,19978,3
21019,364665,49164,3
21021,53119,28658,5
21023,2128603,8494,2
21025,.,13635,6
21027,.,20071,6
21029,1251351,75896,2
21031,162231,12840,4
21033,.,12935,6
21035,37655,37655,5
21037,2128603,90908,2
21039,.,5034,6
21041,.,10900,6
21043,.,27348,6
21045,.,16082,6
21047,274342,75427,3
21049,485023,35787,3
21051,.,21556,6
21053,.,10285,6
21055,.,9280,6
21057,.,6819,6
21059,116030,97847,4
21061,162231,12071,4
21063,.,7780,6
21065,.,14493,6
21067,485023,305489,3
21069,.,14560,6
21071,.,38949,6
21073,71532,49804,5
21075,37865,6525,5
21077,2128603,8479,2
21079,.,16913,6
21081,2128603,24485,2
21083,37544,37544,5
21085,.,25964,6
21087,.,11315,6
21089,364665,36707,3
21091,116030,8677,4
21093,150413,107025,4
21095,.,28543,6
21097,.,18624,6
21099,.,18366,6
21101,313433,46513,3
21103,1251351,15318,2
21105,.,4754,6
21107,46718,46718,5
21109,.,13331,6
21111,1251351,750828,1
21113,485023,49635,3
21115,.,23383,6
21117,2128603,161711,2
21119,.,16124,6
21121,126696,31735,5
21123,150413,14151,4
21125,126696,59462,5
21127,.,15848,6
21129,.,7706,6
21131,.,11170,6
21133,.,23952,6
21135,.,13835,6
21137,53119,24461,5
21139,98539,9423,5
21141,.,26646,6
21143,.,8351,6
21145,98539,65549,5
21147,.,18069,6
21149,116030,9506,4
21151,101792,84786,5
21153,.,13041,6
21155,.,20090,6
21157,.,31344,6
21159,.,12743,6
21161,17512,17512,5
21163,150413,29237,4
21165,44924,6220,5
21167,.,21261,6
21169,52600,9969,5
21171,.,10821,6
21173,44924,26902,5
21175,.,13668,6
21177,.,31181,6
21179,44319,44319,5
21181,.,7000,6
21183,.,24075,6
21185,1251351,61412,2
21187,.,10765,6
21189,.,4722,6
21191,2128603,14604,2
21193,.,28241,6
21195,.,64178,6
21197,.,12483,6
21199,63593,63593,5
21201,.,2188,6
21203,101792,17006,5
21205,.,23447,6
21207,.,17497,6
21209,485023,49057,3
21211,1251351,43614,2
21213,.,17538,6
21215,1251351,17416,2
21217,24691,24691,5
21219,.,12651,6
21221,274342,14447,3
21223,1251351,8787,2
21225,.,14850,6
21227,162231,117110,4
21229,.,11833,6
21231,.,20824,6
21233,.,13583,6
21235,126696,35499,5
21237,.,7164,6
21239,485023,25077,3
22001,474415,61912,3
22003,.,25539,6
22005,815298,112286,3
22007,.,23026,6
22009,.,41632,6
22011,36281,36281,5
22013,.,14076,6
22015,447193,122197,3
22017,447193,257093,3
22019,201195,194493,4
22021,.,10004,6
22023,201195,6702,4
22025,.,10292,6
22027,.,16828,6
22029,52487,20365,5
22031,447193,26963,3
22033,815298,444526,3
22035,.,7526,6
22037,815298,20008,3
22039,.,33710,6
22041,.,20561,6
22043,154441,22068,4
22045,474415,73999,3
22047,815298,33228,3
22049,.,16216,6
22051,1227096,433676,2
22053,.,31432,6
22055,474415,227055,3
22057,208922,97029,4
22059,.,14927,6
22061,46953,46953,5
22063,815298,131942,3
22065,.,12154,6
22067,27559,27559,5
22069,39436,39436,5
22071,1227096,369250,1
22073,177782,155363,4
22075,1227096,23921,2
22077,815298,22726,3
22079,154441,132373,4
22081,.,8983,6
22083,.,20921,6
22085,.,24325,6
22087,1227096,41635,2
22089,1227096,52681,2
22091,815298,11071,3
22093,1227096,21722,2
22095,1227096,44758,2
22097,83662,83662,5
22099,474415,52726,3
22101,53697,53697,5
22103,1227096,239453,2
22105,123441,123441,4
22107,.,4954,6
22109,208922,111893,4
22111,177782,22419,4
22113,474415,58723,3
22115,53869,53869,5
22117,46670,46670,5
22119,447193,40940,3
22121,815298,24106,3
22123,.,11512,6
22125,815298,15405,3
22127,.,15000,6
23001,107609,107609,4
23003,.,70868,6
23005,518117,283921,3
23007,.,30630,6
23009,.,54558,6
23011,121853,121853,5
23013,.,39668,6
23015,.,34180,6
23017,.,57481,6
23019,153746,153746,4
23021,.,17290,6
23023,518117,35191,3
23025,.,51910,6
23027,.,38820,6
23029,.,32462,6
23031,518117,199005,3
24001,101968,74012,4
24003,2753149,550488,2
24005,2753149,817455,2
24009,-WV        5860342,89628,2
24011,.,32718,6
24013,2753149,167217,2
24015,MD         6018800,101696,2
24017,-WV        5860342,150592,2
24019,32551,32551,5
24021,-WV        5860342,239582,2
24023,.,29854,6
24025,2753149,248622,2
24027,2753149,299430,2
24029,.,20191,6
24031,-WV        5860342,1004709,2
24033,-WV        5860342,881138,2
24035,2753149,48595,2
24037,108987,108987,4
24039,381868,26253,3
24041,38098,38098,5
24043,256278,149180,3
24045,381868,100647,3
24047,381868,51578,3
24510,2753149,621342,1
25001,215423,215423,4
25003,130016,130016,4
25005,1601374,551082,2
25007,17041,17041,5
25009,4640802,755618,2
25011,71540,71540,5
25013,625718,465923,3
25015,625718,159795,3
25017,4640802,1537215,2
25019,.,10298,6
25021,4640802,681845,2
25023,4640802,499759,2
25025,4640802,744426,1
25027,923762,806163,3
26001,.,10635,6
26003,.,9541,6
26005,112039,112039,5
26007,29234,29234,5
26009,.,23406,6
26011,.,15477,6
26013,.,8683,6
26015,1005648,58990,2
26017,106935,106935,4
26019,145283,17465,5
26021,156067,156067,4
26023,43868,43868,5
26025,135099,135099,4
26027,318586,52242,3
26029,.,26023,6
26031,.,25835,6
26033,38917,38917,5
26035,.,30753,6
26037,465732,76001,3
26039,.,14009,6
26041,36884,36884,5
26043,30702,26220,5
26045,465732,108008,3
26047,.,32915,6
26049,418408,418408,3
26051,.,25484,6
26053,.,16084,6
26055,145283,89112,5
26057,42063,42063,5
26059,46229,46229,5
26061,38735,36520,5
26063,.,32463,6
26065,465732,281723,3
26067,63941,63941,5
26069,.,25357,6
26071,.,11587,6
26073,70617,70617,5
26075,160309,160309,4
26077,330034,254580,3
26079,145283,17099,5
26081,1005648,614462,1
26083,38735,2215,5
26085,.,11498,6
26087,4292060,88173,2
26089,145283,21607,5
26091,98987,98987,5
26093,4292060,182838,2
26095,.,6522,6
26097,.,11137,6
26099,4292060,847383,2
26101,.,24672,6
26103,67906,67906,5
26105,28680,28680,5
26107,43318,43318,5
26109,65378,23815,5
26111,83822,83822,4
26113,47639,15031,5
26115,151048,151048,4
26117,1005648,63097,2
26119,.,9476,6
26121,170182,170182,4
26123,.,47959,6
26125,4292060,1220657,2
26127,.,26310,6
26129,.,21437,6
26131,.,6413,6
26133,.,23276,6
26135,.,8592,6
26137,.,24020,6
26139,1005648,269099,2
26141,.,13129,6
26143,.,24106,6
26145,198353,198353,4
26147,4292060,160644,2
26149,60796,60796,5
26151,.,42268,6
26153,.,8343,6
26155,69232,69232,5
26157,.,54662,6
26159,330034,75454,3
26161,350946,350946,3
26163,4292060,1792365,1
26165,47639,32608,5
27001,.,15927,6
27003,3422264,336414,2
27005,.,33000,6
27007,45375,45375,5
27009,190471,38865,4
27011,.,5164,6
27013,98020,65091,4
27015,25425,25425,5
27017,279452,35348,3
27019,3422264,93707,2
27021,91239,28357,5
27023,.,12135,6
27025,3422264,53452,2
27027,216312,60155,4
27029,.,8703,6
27031,.,5185,6
27033,.,11597,6
27035,91239,62882,5
27037,3422264,405088,2
27039,209607,20231,4
27041,36415,36415,5
27043,.,14263,6
27045,209607,20834,4
27047,31054,31054,5
27049,46336,46336,5
27051,.,5944,6
27053,3422264,1184576,1
27055,135298,18837,4
27057,.,20347,6
27059,3422264,38248,2
27061,.,45221,6
27063,.,10281,6
27065,.,16005,6
27067,42379,42379,5
27069,.,4493,6
27071,.,13208,6
27073,.,7109,6
27075,.,10818,6
27077,.,3973,6
27079,3422264,27677,2
27081,.,5818,6
27083,25543,25543,5
27085,36053,36053,5
27087,.,5536,6
27089,.,9449,6
27091,.,20475,6
27093,.,23061,6
27095,3422264,25740,2
27097,.,33052,6
27099,39372,39372,5
27101,.,8577,6
27103,98020,32929,4
27105,21487,21487,5
27107,.,6634,6
27109,209607,147066,4
27111,57288,57288,5
27113,.,14074,6
27115,.,29218,6
27117,.,9345,6
27119,98888,31416,4
27121,.,10892,6
27123,3422264,520152,1
27125,.,4087,6
27127,.,15847,6
27129,.,15369,6
27131,64854,64854,5
27133,.,9553,6
27135,.,15476,6
27137,279452,200319,3
27139,3422264,135152,2
27141,3422264,89455,2
27143,3422264,15123,2
27145,190471,151606,4
27147,36322,36322,5
27149,.,9663,6
27151,.,9594,6
27153,.,24509,6
27155,.,3451,6
27157,209607,21476,4
27159,.,13767,6
27161,.,19237,6
27163,3422264,244088,2
27165,.,11187,6
27167,22802,6585,5
27169,51629,51629,5
27171,3422264,127336,2
27173,.,10158,6
28001,52487,32122,5
28003,37164,37164,5
28005,53057,12957,5
28007,.,19157,6
28009,1341690,8730,2
28011,33904,33904,5
28013,.,14843,6
28015,41371,10423,5
28017,.,17416,6
28019,.,8346,6
28021,57433,9349,5
28023,107111,16556,5
28025,.,20427,6
28027,25709,25709,5
28029,576800,28955,3
28031,.,19607,6
28033,1341690,166234,2
28035,146766,76894,4
28037,.,7918,6
28039,.,22930,6
28041,.,14311,6
28043,21682,21682,5
28045,379582,45255,3
28047,379582,194029,3
28049,576800,248643,3
28051,.,18796,6
28053,.,9189,6
28055,.,1386,6
28057,138976,23340,5
28059,379582,140298,3
28061,85164,16523,5
28063,.,7638,6
28065,.,12032,6
28067,85164,68641,5
28069,107111,10335,5
28071,49495,49495,5
28073,146766,57786,4
28075,107111,80220,5
28077,.,12551,6
28079,.,23297,6
28081,138976,85042,5
28083,41371,30948,5
28085,34900,34900,5
28087,59670,59670,5
28089,576800,98468,3
28091,.,26442,6
28093,1341690,36612,2
28095,.,36421,6
28097,.,10614,6
28099,.,29785,6
28101,.,21601,6
28103,.,11218,6
28105,48192,48192,5
28107,.,34473,6
28109,55295,55295,5
28111,146766,12086,4
28113,53057,40100,5
28115,138976,30594,5
28117,.,25390,6
28119,.,7798,6
28121,576800,145165,3
28123,.,28250,6
28125,.,4799,6
28127,576800,27374,3
28129,.,16345,6
28131,.,18028,6
28133,28431,28431,5
28135,.,15111,6
28137,1341690,28490,2
28139,.,22025,6
28141,.,19591,6
28143,1341690,10475,2
28145,.,27414,6
28147,.,15100,6
28149,57433,48084,5
28151,49750,49750,5
28153,.,20661,6
28155,.,10039,6
28157,.,9432,6
28159,.,19029,6
28161,.,12401,6
28163,576800,28195,3
29001,29951,25581,5
29003,127927,17417,4
29005,.,5517,6
29007,25621,25621,5
29009,.,35546,6
29011,.,12337,6
29013,2038724,16709,2
29015,.,18962,6
29017,97080,12382,4
29019,168535,168535,4
29021,127927,89706,4
29023,43053,43053,5
29025,2038724,9145,2
29027,150151,44305,4
29029,.,43845,6
29031,97080,76950,4
29033,.,9086,6
29035,.,6262,6
29037,2038724,100376,2
29039,.,13799,6
29041,.,7649,6
29043,444617,79824,3
29045,61477,6969,5
29047,2038724,227577,2
29049,2038724,20508,2
29051,150151,76363,4
29053,.,17520,6
29055,.,24832,6
29057,.,7568,6
29059,444617,16799,3
29061,.,8239,6
29063,127927,12940,4
29065,.,15647,6
29067,.,13585,6
29069,31826,31826,5
29071,2795794,101412,2
29073,.,14972,6
29075,.,6777,6
29077,444617,280626,3
29079,.,10338,6
29081,.,8728,6
29083,.,22153,6
29085,.,9391,6
29087,.,4655,6
29089,.,10169,6
29091,40629,40629,5
29093,.,10374,6
29095,2038724,677377,1
29097,174327,115258,4
29099,2795794,220209,2
29101,54397,54397,5
29103,.,4082,6
29105,35417,35417,5
29107,2038724,33080,2
29109,.,38467,6
29111,77371,10174,5
29113,2795794,53354,2
29115,.,12484,6
29117,.,15037,6
29119,482200,22876,3
29121,.,15573,6
29123,.,12448,6
29125,.,9014,6
29127,39022,28745,5
29129,.,3729,6
29131,.,24817,6
29133,.,14322,6
29135,150151,15625,4
29137,.,8703,6
29139,.,11996,6
29141,.,20117,6
29143,.,18488,6
29145,174327,59069,4
29147,23419,23419,5
29149,.,10997,6
29151,150151,13858,4
29153,.,9601,6
29155,.,18111,6
29157,.,19018,6
29159,42319,42319,5
29161,44987,44987,5
29163,.,18565,6
29165,2038724,92054,2
29167,444617,31017,3
29169,53259,53259,5
29171,.,4931,6
29173,39022,10277,5
29175,25330,25330,5
29177,2038724,23064,2
29179,.,6667,6
29181,.,14036,6
29183,2795794,368666,2
29185,.,9474,6
29186,.,17740,6
29187,65917,65917,5
29189,2795794,1000438,2
29195,23339,23339,5
29197,29951,4370,5
29199,.,4877,6
29201,39139,39139,5
29203,.,8318,6
29205,.,6234,6
29207,.,29795,6
29209,84524,31568,5
29211,.,6546,6
29213,84524,52956,5
29215,.,25810,6
29217,.,20748,6
29219,2795794,32753,2
29221,.,25095,6
29223,.,13402,6
29225,444617,36351,3
29227,.,2079,6
29229,.,18629,6
29510,2795794,318172,1
30001,.,9346,6
30003,.,13061,6
30005,.,6683,6
30007,.,5756,6
30009,162848,10127,4
30011,.,1177,6
30013,81723,81723,4
30015,.,5904,6
30017,.,11888,6
30019,.,1786,6
30021,.,9249,6
30023,.,9227,6
30025,.,3024,6
30027,.,11435,6
30029,91633,91633,5
30031,92614,92614,5
30033,.,1261,6
30035,.,13711,6
30037,162848,839,4
30039,.,3109,6
30041,.,16366,6
30043,76277,11401,5
30045,.,2024,6
30047,.,28986,6
30049,76277,64876,5
30051,.,2392,6
30053,.,19491,6
30055,.,1701,6
30057,.,7733,6
30059,.,1924,6
30061,.,4167,6
30063,110977,110977,4
30065,.,4665,6
30067,.,15567,6
30069,.,511,6
30071,.,4128,6
30073,.,6165,6
30075,.,1763,6
30077,.,7096,6
30079,.,1157,6
30081,.,40617,6
30083,.,10810,6
30085,.,10927,6
30087,.,9396,6
30089,.,11408,6
30091,.,3580,6
30093,34403,34403,5
30095,.,9195,6
30097,.,3605,6
30099,.,6053,6
30101,.,5220,6
30103,.,736,6
30105,.,7505,6
30107,.,2104,6
30109,.,1057,6
30111,162848,151882,4
31001,31459,31459,5
31003,.,6545,6
31005,.,486,6
31007,39039,760,5
31009,.,514,6
31011,.,5417,6
31013,.,11317,6
31015,.,2054,6
31017,.,3023,6
31019,53948,47463,5
31021,.,6659,6
31023,.,8295,6
31025,885624,25133,3
31027,.,8746,6
31029,.,4064,6
31031,.,5727,6
31033,.,10068,6
31035,.,6411,6
31037,.,10653,6
31039,.,9072,6
31041,.,10740,6
31043,168921,20918,4
31045,.,9152,6
31047,26249,24220,5
31049,.,1972,6
31051,168921,5918,4
31053,36427,36427,5
31055,885624,531265,3
31057,.,2021,6
31059,.,5771,6
31061,.,3188,6
31063,.,2741,6
31065,.,4907,6
31067,21806,21806,5
31069,.,1953,6
31071,.,2007,6
31073,26249,2029,5
31075,.,629,6
31077,.,2458,6
31079,83472,60345,4
31081,83472,9011,4
31083,.,3410,6
31085,.,953,6
31087,.,2887,6
31089,.,10396,6
31091,.,727,6
31093,83472,6336,4
31095,.,7521,6
31097,.,5140,6
31099,53948,6485,5
31101,.,8220,6
31103,.,804,6
31105,.,3783,6
31107,.,8573,6
31109,310342,293407,3
31111,37373,36099,5
31113,37373,765,5
31115,.,589,6
31117,37373,509,5
31119,48286,35031,5
31121,83472,7780,4
31123,.,4889,6
31125,.,3715,6
31127,.,7154,6
31129,.,4438,6
31131,.,15747,6
31133,.,2765,6
31135,.,2931,6
31137,.,9215,6
31139,48286,7166,5
31141,32681,32681,5
31143,.,5320,6
31145,.,10975,6
31147,.,8290,6
31149,.,1376,6
31151,.,14557,6
31153,885624,165853,3
31155,885624,20823,3
31157,39039,36964,5
31159,310342,16935,3
31161,.,5319,6
31163,.,3108,6
31165,39039,1315,5
31167,48286,6089,5
31169,.,5134,6
31171,.,676,6
31173,.,7020,6
31175,.,4229,6
31177,885624,20252,3
31179,.,9554,6
31181,.,3725,6
31183,.,805,6
31185,.,13746,6
32001,24375,24375,5
32003,2000759,2000759,1
32005,46996,46996,5
32007,53217,51216,5
32009,.,775,6
32011,53217,2001,5
32013,17048,17048,5
32015,.,5941,6
32017,.,5405,6
32019,51327,51327,5
32021,.,4653,6
32023,42963,42963,5
32027,.,6749,6
32029,433843,3935,3
32031,433843,429908,3
32033,.,10042,6
32510,54838,54838,4
33001,60327,60327,5
33003,.,47567,6
33005,76851,76851,5
33007,38322,32096,5
33009,217390,89181,5
33011,402922,402922,3
33013,146761,146761,5
33015,4640802,297820,2
33017,4640802,124119,2
33019,217390,43074,5
34001,275422,275422,3
34003,19831858,918888,2
34005,MD         6018800,451336,2
34007,MD         6018800,513539,2
34009,96304,96304,4
34011,157785,157785,4
34013,19831858,787744,1
34015,MD         6018800,289586,2
34017,19831858,652302,1
34019,19831858,127050,2
34021,368303,368303,3
34023,19831858,823041,2
34025,19831858,629384,2
34027,19831858,497999,2
34029,19831858,580470,2
34031,19831858,502885,2
34033,MD         6018800,65774,2
34035,19831858,327707,2
34037,19831858,147442,2
34039,19831858,543976,1
34041,827171,107653,3
35001,901700,673460,3
35003,.,3658,6
35005,65784,65784,5
35006,27334,27334,5
35007,.,13223,6
35009,49938,49938,5
35011,.,1927,6
35013,214445,214445,4
35015,54419,54419,5
35017,29388,29388,5
35019,.,4603,6
35021,.,707,6
35023,.,4794,6
35025,66338,66338,5
35027,.,20309,6
35028,18159,18159,5
35029,25041,25041,5
35031,73016,73016,5
35033,.,4705,6
35035,66041,66041,5
35037,.,8769,6
35039,40318,40318,5
35041,20419,20419,5
35043,901700,135588,3
35045,128529,128529,4
35047,28891,28891,5
35049,146375,146375,4
35051,.,11895,6
35053,.,17603,6
35055,32779,32779,5
35057,901700,16021,3
35059,.,4431,6
35061,901700,76631,3
36001,874646,305455,3
36003,.,48357,6
36005,19831858,1408473,1
36007,248538,198060,4
36009,79458,79458,5
36011,79552,79552,5
36013,133539,133539,5
36015,88911,88911,4
36017,.,49933,6
36019,81654,81654,5
36021,62499,62499,5
36023,49474,49474,5
36025,.,47276,6
36027,19831858,297322,2
36029,1134210,919086,1
36031,.,38961,6
36033,51795,51795,5
36035,54925,54925,5
36037,59977,59977,5
36039,.,48673,6
36041,.,4778,6
36043,298064,64508,3
36045,120262,120262,4
36047,19831858,2565635,1
36049,.,27224,6
36051,1082284,64810,2
36053,660934,72382,3
36055,1082284,747813,1
36057,49941,49941,5
36059,19831858,1349233,2
36061,19831858,1619090,1
36063,1134210,215124,2
36065,298064,233556,3
36067,660934,466852,3
36069,1082284,108519,2
36071,19831858,374512,2
36073,1082284,42836,2
36075,660934,121700,3
36077,61709,61709,5
36079,19831858,99607,2
36081,19831858,2272771,1
36083,874646,159835,3
36085,19831858,470728,1
36087,19831858,317757,2
36089,112232,112232,5
36091,874646,222133,3
36093,874646,155124,3
36095,874646,32099,3
36097,.,18514,6
36099,35305,35305,5
36101,99063,99063,5
36103,19831858,1499273,2
36105,.,76793,6
36107,248538,50478,4
36109,102554,102554,4
36111,181791,181791,4
36113,128472,65538,4
36115,128472,62934,4
36117,1082284,92962,2
36119,19831858,961670,2
36121,.,41892,6
36123,1082284,25344,2
37001,153920,153920,4
37003,363627,36853,3
37005,.,10927,6
37007,.,26351,6
37009,.,27097,6
37011,.,17635,6
37013,47507,47507,5
37015,.,20653,6
37017,.,34915,6
37019,C-NC        394542,112257,3
37021,432406,244490,3
37023,363627,90505,3
37025,2296569,184498,2
37027,363627,81930,3
37029,64244,10090,5
37031,67632,67632,5
37033,.,23217,6
37035,363627,154339,3
37037,522826,65976,3
37039,.,26992,6
37041,.,14772,6
37043,.,10618,6
37045,97474,97474,5
37047,.,57638,6
37049,128119,104770,4
37051,374585,324049,3
37053,C          1699925,24077,2
37055,38911,34573,5
37057,647697,163260,3
37059,647697,41433,3
37061,.,60033,6
37063,522826,279641,3
37065,151662,55954,4
37067,647697,358137,3
37069,1188564,61475,2
37071,2296569,208049,2
37073,C          1699925,11869,2
37075,.,8700,6
37077,60436,60436,5
37079,.,21429,6
37081,736065,500879,3
37083,75434,54006,5
37085,122135,122135,5
37087,432406,58908,3
37089,432406,108266,3
37091,.,24438,6
37093,374585,50536,3
37095,.,5859,6
37097,2296569,162708,2
37099,40448,40448,5
37101,1188564,174938,2
37103,128119,10275,4
37105,59715,59715,5
37107,59227,59227,5
37109,2296569,79313,2
37111,44998,44998,5
37113,.,33869,6
37115,432406,20742,3
37117,.,23961,6
37119,2296569,969031,1
37121,.,15368,6
37123,.,27668,6
37125,90302,90302,5
37127,151662,95708,4
37129,263429,209234,3
37131,75434,21428,5
37133,183263,183263,4
37135,522826,137941,3
37137,128119,13074,4
37139,64244,40591,5
37141,263429,54195,3
37143,64244,13563,5
37145,522826,39268,3
37147,172554,172554,4
37149,.,20271,6
37151,736065,142466,3
37153,46627,46627,5
37155,135496,135496,5
37157,736065,92720,3
37159,2296569,138180,2
37161,67323,67323,5
37163,.,63949,6
37165,36094,36094,5
37167,60576,60576,5
37169,647697,46783,3
37171,73561,73561,5
37173,.,14141,6
37175,32849,32849,5
37177,38911,4338,5
37179,2296569,208520,2
37181,45132,45132,5
37183,1188564,952151,1
37185,.,20576,6
37187,.,12736,6
37189,51871,51871,5
37191,124246,124246,4
37193,69306,69306,5
37195,81867,81867,5
37197,647697,38084,3
37199,.,17630,6
38001,.,2311,6
38003,.,11015,6
38005,.,6760,6
38007,.,905,6
38009,.,6579,6
38011,.,3202,6
38013,.,2171,6
38015,120060,85774,4
38017,216312,156157,4
38019,.,3948,6
38021,.,5268,6
38023,.,2228,6
38025,.,3967,6
38027,.,2368,6
38029,.,3491,6
38031,.,3392,6
38033,.,1804,6
38035,98888,67472,4
38037,.,2333,6
38039,.,2362,6
38041,.,2553,6
38043,.,2426,6
38045,.,4114,6
38047,.,1924,6
38049,73146,5789,5
38051,.,2751,6
38053,.,7987,6
38055,.,9309,6
38057,.,8486,6
38059,120060,28101,4
38061,.,8734,6
38063,.,3080,6
38065,120060,1838,4
38067,.,7271,6
38069,.,4457,6
38071,.,11536,6
38073,.,5444,6
38075,73146,2559,5
38077,22802,16217,5
38079,.,14382,6
38081,.,3896,6
38083,.,1266,6
38085,120060,4347,4
38087,.,758,6
38089,26771,26771,5
38091,.,1989,6
38093,20934,20934,5
38095,.,2318,6
38097,.,8072,6
38099,.,11046,6
38101,73146,64798,5
38103,.,4271,6
38105,26697,26697,5
39001,.,28350,6
39003,105141,105141,4
39005,52962,52962,5
39007,100389,100389,5
39009,64304,64304,5
39011,45831,45831,5
39013,146420,69671,4
39015,2128603,44381,2
39017,2128603,370589,2
39019,403455,28587,3
39021,39565,39565,5
39023,137206,137206,4
39025,2128603,199085,2
39027,41886,41886,5
39029,106507,106507,5
39031,36779,36779,5
39033,42849,42849,5
39035,2063535,1265111,1
39037,52507,52507,5
39039,38677,38677,5
39041,1944002,181061,2
39043,76398,76398,5
39045,1944002,147474,2
39047,28880,28880,5
39049,1944002,1195537,1
39051,608711,42513,3
39053,57887,30708,5
39055,2063535,93680,2
39057,800972,163587,3
39059,39817,39817,5
39061,2128603,802038,1
39063,75671,75671,5
39065,.,31627,6
39067,.,15714,6
39069,.,28045,6
39071,.,42998,6
39073,1944002,29273,2
39075,.,43025,6
39077,59280,59280,5
39079,32954,32954,5
39081,122547,68389,4
39083,60705,60705,5
39085,2063535,229582,2
39087,364665,62109,3
39089,1944002,167537,2
39091,45474,45474,5
39093,2063535,301478,2
39095,608711,437998,3
39097,1944002,43053,2
39099,558206,235145,3
39101,66238,66238,5
39103,2063535,173684,2
39105,.,23593,6
39107,40875,40875,5
39109,800972,103060,3
39111,.,14549,6
39113,800972,534325,3
39115,.,14911,6
39117,1944002,34938,2
39119,85950,85950,5
39121,.,14579,6
39123,41339,41339,5
39125,.,19295,6
39127,1944002,36015,2
39129,1944002,56399,2
39131,.,28480,6
39133,702262,161451,3
39135,.,41886,6
39137,.,34198,6
39139,122673,122673,4
39141,77429,77429,5
39143,60510,60510,5
39145,78477,78477,5
39147,56018,56018,5
39149,49167,49167,5
39151,403455,374868,3
39153,702262,540811,3
39155,558206,207406,3
39157,92392,92392,5
39159,1944002,52715,2
39161,28744,28744,5
39163,.,13239,6
39165,2128603,217241,2
39167,61475,61475,5
39169,114848,114848,5
39171,.,37513,6
39173,608711,128200,3
39175,.,22607,6
40001,.,22286,6
40003,.,5666,6
40005,.,14007,6
40007,.,5591,6
40009,23081,23081,5
40011,.,9785,6
40013,43399,43399,5
40015,.,29678,6
40017,1296565,122560,2
40019,48085,48085,5
40021,48150,48150,5
40023,.,15182,6
40025,.,2385,6
40027,1296565,265638,2
40029,.,5963,6
40031,132545,126390,4
40033,132545,6155,4
40035,.,14748,6
40037,951880,70651,3
40039,28536,28536,5
40041,.,41441,6
40043,.,4783,6
40045,.,4104,6
40047,61189,61189,5
40049,.,27297,6
40051,1296565,53118,2
40053,.,4516,6
40055,.,6082,6
40057,.,2906,6
40059,.,3676,6
40061,.,12938,6
40063,.,13836,6
40065,26237,26237,5
40067,.,6377,6
40069,.,11003,6
40071,45831,45831,5
40073,.,15005,6
40075,.,9310,6
40077,.,11019,6
40079,280521,49873,3
40081,1296565,34189,2
40083,1296565,43666,2
40085,.,9558,6
40087,1296565,35613,2
40089,.,33203,6
40091,.,20584,6
40093,.,7683,6
40095,.,15957,6
40097,.,41168,6
40099,.,13663,6
40101,70596,70596,5
40103,.,11522,6
40105,.,10611,6
40107,.,12358,6
40109,1296565,741781,1
40111,951880,39625,3
40113,951880,47917,3
40115,32236,32236,5
40117,951880,16474,3
40119,78399,78399,5
40121,45048,45048,5
40123,37958,37958,5
40125,70760,70760,5
40127,.,11205,6
40129,.,3774,6
40131,951880,88367,3
40133,.,25450,6
40135,280521,41398,3
40137,44779,44779,5
40139,21498,21498,5
40141,.,7822,6
40143,951880,613816,3
40145,951880,75030,3
40147,51633,51633,5
40149,.,11622,6
40151,.,8832,6
40153,20548,20548,5
41001,.,15909,6
41003,86430,86430,4
41005,2289800,383857,2
41007,37301,37301,5
41009,2289800,49286,2
41011,62534,62534,5
41013,20729,20729,5
41015,22248,22248,5
41017,162277,162277,4
41019,107164,107164,5
41021,.,1953,6
41023,.,7317,6
41025,.,7212,6
41027,22584,22584,5
41029,206412,206412,4
41031,.,21749,6
41033,82930,82930,4
41035,65912,65912,5
41037,.,7771,6
41039,354542,354542,3
41041,46151,46151,5
41043,118360,118360,4
41045,53269,30630,5
41047,396338,319985,3
41049,88064,11244,5
41051,2289800,759256,1
41053,396338,76353,3
41055,.,1732,6
41057,.,25287,6
41059,88064,76820,5
41061,25759,25759,5
41063,.,6821,6
41065,25487,25487,5
41067,2289800,547672,2
41069,.,1424,6
41071,2289800,100255,2
42001,101482,101482,4
42003,2360733,1229338,1
42005,2360733,68409,2
42007,2360733,170245,2
42009,.,49324,6
42011,413491,413491,3
42013,127121,127121,4
42015,62792,62792,5
42017,MD         6018800,627053,2
42019,2360733,184970,2
42021,141584,141584,4
42023,.,4939,6
42025,827171,65006,3
42027,155171,155171,4
42029,MD         6018800,506575,2
42031,.,39646,6
42033,81184,81184,5
42035,39517,39517,5
42037,85243,66887,4
42039,87598,87598,5
42041,553980,238614,3
42043,553980,269665,3
42045,MD         6018800,561098,2
42047,.,31550,6
42049,280646,280646,3
42051,2360733,135660,2
42053,.,7667,6
42055,151275,151275,4
42057,.,14772,6
42059,.,38085,6
42061,45943,45943,5
42063,88218,88218,5
42065,.,44764,6
42067,.,24904,6
42069,563629,214477,3
42071,526823,526823,3
42073,89871,89871,5
42075,135251,135251,4
42077,827171,355245,3
42079,563629,321027,3
42081,117168,117168,4
42083,43127,43127,5
42085,558206,115655,3
42087,46773,46773,5
42089,168798,168798,4
42091,MD         6018800,808460,2
42093,85243,18356,4
42095,827171,299267,3
42097,94428,94428,5
42099,553980,45701,3
42101,MD         6018800,1547607,1
42103,19831858,56899,2
42105,.,17577,6
42107,147063,147063,5
42109,39672,39672,5
42111,76957,76957,5
42113,.,6461,6
42115,.,42696,6
42117,.,42577,6
42119,44952,44952,5
42121,54272,54272,5
42123,41146,41146,5
42125,2360733,208716,2
42127,.,51955,6
42129,2360733,363395,2
42131,563629,28125,3
42133,437846,437846,3
44001,1601374,49144,2
44003,1601374,164843,2
44005,1601374,82036,2
44007,1601374,628323,1
44009,1601374,125946,2
45001,94857,25101,5
45003,575898,162812,3
45005,.,9988,6
45007,842853,189355,3
45009,.,15763,6
45011,.,22212,6
45013,193882,168049,4
45015,697439,189781,3
45017,784745,14910,3
45019,697439,365162,3
45021,55662,55662,5
45023,2296569,32546,2
45025,.,46103,6
45027,.,34357,6
45029,.,38153,6
45031,206087,68139,4
45033,.,31446,6
45035,697439,142496,3
45037,575898,26347,3
45039,784745,23363,3
45041,206087,137948,4
45043,60189,60189,5
45045,842853,467605,3
45047,94857,69756,5
45049,.,20726,6
45051,C-NC        394542,282285,3
45053,193882,25833,4
45055,784745,62343,3
45057,2296569,79089,2
45059,842853,66223,3
45061,.,18654,6
45063,784745,270406,3
45065,.,9943,6
45067,.,32457,6
45069,28145,28145,5
45071,37576,37576,5
45073,74627,74627,5
45075,91476,91476,5
45077,842853,119670,3
45079,784745,393830,3
45081,784745,19893,3
45083,316997,288745,3
45085,108052,108052,4
45087,316997,28252,3
45089,.,33620,6
45091,2296569,234635,2
46003,.,2742,6
46005,17753,17753,5
46007,.,3436,6
46009,.,7029,6
46011,32629,32629,5
46013,41357,37331,5
46015,.,5293,6
46017,.,2020,6
46019,.,10228,6
46021,.,1396,6
46023,.,9216,6
46025,.,3585,6
46027,14131,14131,5
46029,27606,27606,5
46031,.,4077,6
46033,138738,8339,4
46035,23146,19769,5
46037,.,5613,6
46039,.,4380,6
46041,.,5538,6
46043,.,2970,6
46045,41357,4026,5
46047,.,6971,6
46049,.,2377,6
46051,.,7259,6
46053,.,4265,6
46055,.,1939,6
46057,.,5918,6
46059,.,3388,6
46061,23146,3377,5
46063,.,1316,6
46065,21846,17450,5
46067,.,7187,6
46069,.,1437,6
46071,.,3191,6
46073,.,2047,6
46075,.,1013,6
46077,.,5220,6
46079,.,11771,6
46081,24397,24397,5
46083,237251,48296,4
46085,.,3789,6
46087,237251,5610,4
46089,.,2439,6
46091,.,4671,6
46093,138738,26052,4
46095,.,2101,6
46097,.,2326,6
46099,237251,175037,4
46101,.,6446,6
46102,.,14059,6
46103,138738,104347,4
46105,.,3037,6
46107,.,2359,6
46109,.,10303,6
46111,.,2324,6
46113,.,14059,6
46115,.,6611,6
46117,21846,2969,5
46119,21846,1427,5
46121,.,9942,6
46123,.,5485,6
46125,237251,8308,4
46127,168921,14855,4
46129,.,5459,6
46135,22603,22603,5
46137,.,2869,6
47001,848350,75416,3
47003,45573,45573,5
47005,.,16361,6
47007,.,12792,6
47009,848350,124177,3
47011,117820,101134,4
47013,848350,40420,3
47015,"n, TN      1726693",13811,2
47017,.,28390,6
47019,200684,57355,4
47021,"n, TN      1726693",39271,2
47023,130450,17171,4
47025,.,31736,6
47027,.,7840,6
47029,35571,35571,5
47031,100333,53222,5
47033,130450,14623,4
47035,57029,57029,5
47037,"n, TN      1726693",648295,1
47039,.,11673,6
47041,.,18901,6
47043,"n, TN      1726693",50381,2
47045,38255,38255,5
47047,1341690,38659,2
47049,.,17940,6
47051,100333,40772,5
47053,.,49626,6
47055,.,29072,6
47057,848350,22706,3
47059,68819,68819,5
47061,.,13650,6
47063,114937,62746,4
47065,537889,345545,3
47067,.,6720,6
47069,.,26533,6
47071,.,25950,6
47073,309006,56587,3
47075,.,18240,6
47077,.,28023,6
47079,32341,32341,5
47081,"n, TN      1726693",24170,2
47083,.,8413,6
47085,.,18275,6
47087,106860,11441,5
47089,114937,52191,4
47091,.,18095,6
47093,848350,441311,3
47095,.,7690,6
47097,.,27718,6
47099,42086,42086,5
47101,.,11896,6
47103,.,33503,6
47105,848350,49793,3
47107,52416,52416,5
47109,.,26180,6
47111,"n, TN      1726693",22498,2
47113,130450,98656,4
47115,537889,28291,3
47117,30883,30883,5
47119,"n, TN      1726693",81990,2
47121,.,11698,6
47123,.,45133,6
47125,274342,184468,3
47127,100333,6339,5
47129,848350,21931,3
47131,37865,31340,5
47133,106860,22190,5
47135,.,7860,6
47137,.,5100,6
47139,117820,16686,4
47141,106860,73229,5
47143,32247,32247,5
47145,848350,53469,3
47147,"n, TN      1726693",66931,2
47149,"n, TN      1726693",274454,2
47151,.,22173,6
47153,537889,14423,3
47155,92512,92512,5
47157,1341690,940764,1
47159,"n, TN      1726693",19102,2
47161,.,13297,6
47163,309006,156786,3
47165,"n, TN      1726693",166123,2
47167,1341690,61705,2
47169,"n, TN      1726693",7795,2
47171,200684,18235,4
47173,848350,19127,3
47175,.,5628,6
47177,39839,39839,5
47179,200684,125094,4
47181,.,16996,6
47183,34793,34793,5
47185,.,26082,6
47187,"n, TN      1726693",192911,2
47189,"n, TN      1726693",118961,2
48001,58190,58190,5
48003,16117,16117,5
48005,87597,87597,5
48007,437109,23818,3
48009,150829,8735,4
48011,257578,1944,3
48013,2234003,46446,2
48015,6177035,28618,2
48017,.,7130,6
48019,2234003,20537,2
48021,1834303,74763,2
48023,.,3623,6
48025,32527,32527,5
48027,420375,323037,3
48029,2234003,1785704,1
48031,.,10655,6
48033,.,616,6
48035,.,18125,6
48037,149701,93148,4
48039,6177035,324769,2
48041,234501,200665,4
48043,.,9316,6
48045,.,1561,6
48047,.,7161,6
48049,37825,37825,5
48051,234501,17291,4
48053,.,43448,6
48055,1834303,38734,2
48057,21609,21609,5
48059,166963,13517,4
48061,415557,415557,3
48063,.,12449,6
48065,257578,6157,3
48067,.,30166,6
48069,.,8164,6
48071,6177035,36196,2
48073,51206,51206,5
48075,.,7029,6
48077,150829,10535,4
48079,.,3046,6
48081,.,3231,6
48083,.,8675,6
48085,6700991,834642,1
48087,.,3036,6
48089,.,20696,6
48091,2234003,114384,2
48093,.,13765,6
48095,.,4010,6
48097,38688,38688,5
48099,420375,77231,3
48101,.,1486,6
48103,.,4562,6
48105,.,3743,6
48107,297669,6126,3
48109,.,2290,6
48111,.,6996,6
48113,6700991,2453843,1
48115,13640,13640,5
48117,19360,19360,5
48119,.,5329,6
48121,6700991,707304,2
48123,.,20465,6
48125,.,2323,6
48127,.,10461,6
48129,.,3598,6
48131,.,11717,6
48133,.,18421,6
48135,144325,144325,4
48137,.,1968,6
48139,6700991,153969,2
48141,830735,827398,3
48143,39321,39321,5
48145,256317,17610,3
48147,.,33831,6
48149,.,24695,6
48151,.,3844,6
48153,.,6367,6
48155,.,1307,6
48157,6177035,627293,2
48159,.,10640,6
48161,.,19515,6
48163,.,17702,6
48165,.,18413,6
48167,6177035,300484,2
48169,.,6412,6
48171,25153,25153,5
48173,36667,1259,5
48175,96620,7351,4
48177,.,20045,6
48179,22978,22978,5
48181,121935,121935,4
48183,216679,122658,4
48185,.,26783,6
48187,2234003,139841,2
48189,36385,36385,5
48191,.,3293,6
48193,.,8307,6
48195,.,5521,6
48197,.,4082,6
48199,404180,55190,3
48201,6177035,4253700,1
48203,67450,67450,5
48205,.,6144,6
48207,.,5901,6
48209,1834303,168990,2
48211,.,4080,6
48213,79094,79094,5
48215,806552,806552,3
48217,.,35115,6
48219,23072,23072,5
48221,6700991,52044,2
48223,35469,35469,5
48225,.,23161,6
48227,36667,35408,5
48229,830735,3337,3
48231,6700991,87079,2
48233,21922,21922,5
48235,114854,1573,4
48237,.,8983,6
48239,.,14255,6
48241,.,35923,6
48243,.,2307,6
48245,404180,251813,3
48247,.,5249,6
48249,41754,41754,5
48251,6700991,153441,2
48253,166963,19973,4
48255,.,15233,6
48257,6700991,106753,2
48259,2234003,35956,2
48261,32456,431,5
48263,.,839,6
48265,49786,49786,5
48267,.,4560,6
48269,.,276,6
48271,.,3603,6
48273,32456,32025,5
48275,.,3789,6
48277,49811,49811,5
48279,.,14008,6
48281,420375,20107,3
48283,.,7109,6
48285,.,19468,6
48287,.,16601,6
48289,.,16803,6
48291,6177035,76571,2
48293,.,23585,6
48295,.,3480,6
48297,.,11664,6
48299,.,19085,6
48301,.,71,6
48303,297669,285760,3
48305,297669,5783,3
48307,.,8313,6
48309,256317,238707,3
48311,.,726,6
48313,.,13677,6
48315,.,10324,6
48317,151662,5017,4
48319,.,4003,6
48321,36547,36547,5
48323,55365,55365,5
48325,2234003,46765,2
48327,.,2240,6
48329,151662,146645,4
48331,.,24157,6
48333,.,4828,6
48335,.,9336,6
48337,.,19565,6
48339,6177035,485047,2
48341,22313,22313,5
48343,.,12787,6
48345,.,1202,6
48347,66034,66034,5
48349,47979,47979,5
48351,404180,14200,3
48353,14924,14924,5
48355,437109,347691,3
48357,.,10728,6
48359,257578,2060,3
48361,404180,82977,3
48363,27856,27856,5
48365,.,24020,6
48367,6700991,119712,2
48369,.,10183,6
48371,.,15619,6
48373,.,45656,6
48375,257578,122335,3
48377,.,7525,6
48379,.,10943,6
48381,257578,125082,3
48383,.,3475,6
48385,.,3369,6
48387,.,12694,6
48389,13798,13798,5
48391,.,7259,6
48393,.,854,6
48395,234501,16545,4
48397,6700991,83021,2
48399,.,10449,6
48401,216679,54026,4
48403,.,10433,6
48405,.,8818,6
48407,.,27126,6
48409,437109,65600,3
48411,.,6002,6
48413,.,3264,6
48415,17126,17126,5
48417,.,3356,6
48419,.,26019,6
48421,.,3073,6
48423,214821,214821,4
48425,6700991,8598,2
48427,61615,61615,5
48429,.,9464,6
48431,.,1191,6
48433,.,1475,6
48435,.,3950,6
48437,.,7891,6
48439,6700991,1880153,1
48441,166963,133473,4
48443,.,917,6
48445,.,12613,6
48447,.,1601,6
48449,32663,32663,5
48451,114854,113281,4
48453,1834303,1095584,1
48455,82717,14309,5
48457,.,21458,6
48459,216679,39995,4
48461,.,3283,6
48463,26752,26752,5
48465,48705,48705,5
48467,.,52427,6
48469,96620,89269,4
48471,82717,68408,5
48473,6177035,44357,2
48475,.,10879,6
48477,34093,34093,5
48479,259172,259172,3
48481,41285,41285,5
48483,.,5626,6
48485,150829,131559,4
48487,13258,13258,5
48489,22058,22058,5
48491,1834303,456232,2
48493,2234003,44370,2
48495,.,7330,6
48497,6700991,60432,2
48499,.,42022,6
48501,.,8075,6
48503,.,18339,6
48505,14290,14290,5
48507,.,11961,6
49001,.,6501,6
49003,612441,50171,3
49005,128306,115520,4
49007,21246,21246,5
49009,.,1090,6
49011,612441,315809,3
49013,.,19244,6
49015,.,10933,6
49017,.,5095,6
49019,.,9328,6
49021,46750,46750,5
49023,550845,10341,3
49025,.,7221,6
49027,.,12569,6
49029,612441,9821,3
49031,.,1524,6
49033,.,2267,6
49035,1123712,1063842,1
49037,.,14965,6
49039,.,27906,6
49041,.,20784,6
49043,38003,38003,5
49045,1123712,59870,2
49047,34524,34524,5
49049,550845,540504,3
49051,25273,25273,5
49053,144809,144809,4
49055,.,2737,6
49057,612441,236640,3
50001,.,36745,6
50003,36697,36697,5
50005,.,31121,6
50007,213701,158504,4
50009,38322,6226,5
50011,213701,48214,4
50013,213701,6983,4
50015,.,24958,6
50017,217390,28924,5
50019,.,27109,6
50021,60869,60869,5
50023,59465,59465,5
50025,.,43985,6
50027,217390,56211,5
51001,.,33341,6
51003,222860,102251,4
51005,.,16230,6
51007,1231980,12759,2
51009,255342,32384,3
51011,255342,15128,3
51013,-WV        5860342,221045,1
51015,118686,73658,4
51017,.,4652,6
51019,255342,69590,3
51021,.,6738,6
51023,310118,33154,3
51025,.,17010,6
51027,.,23859,6
51029,222860,17088,4
51031,255342,55163,3
51033,1231980,28972,2
51035,.,29851,6
51036,1231980,7157,2
51037,.,12404,6
51041,1231980,323856,2
51043,-WV        5860342,14323,2
51045,310118,5213,3
51047,-WV        5860342,47911,2
51049,.,9849,6
51051,60676,15690,5
51053,1231980,27994,2
51057,.,11233,6
51059,-WV        5860342,1118602,2
51061,-WV        5860342,66542,2
51063,178933,15390,4
51065,222860,25967,4
51067,310118,56411,3
51069,130907,80317,4
51071,178933,16928,4
51073,C          1699925,36886,2
51075,1231980,21347,2
51077,.,15183,6
51079,222860,18771,4
51081,.,11851,6
51083,.,35849,6
51085,1231980,100668,2
51087,1231980,314932,2
51089,66702,52969,5
51091,.,2245,6
51093,C          1699925,35399,2
51095,C          1699925,68967,2
51097,.,7046,6
51099,.,24500,6
51101,1231980,15981,2
51103,.,11236,6
51105,.,25474,6
51107,-WV        5860342,336898,2
51109,.,33430,6
51111,.,12588,6
51113,.,13200,6
51115,C          1699925,8884,2
51117,.,31749,6
51119,.,10822,6
51121,178933,95194,4
51125,222860,14827,4
51127,1231980,19169,2
51131,.,12226,6
51133,.,12346,6
51135,.,15830,6
51137,.,34246,6
51139,.,23895,6
51141,.,18451,6
51143,105803,62807,5
51145,1231980,28123,2
51147,.,23238,6
51149,1231980,36941,2
51153,-WV        5860342,430289,2
51155,178933,34736,4
51157,-WV        5860342,7456,2
51159,.,9059,6
51161,310118,92901,3
51163,.,22394,6
51165,128372,77391,4
51167,.,28445,6
51169,309006,22781,3
51171,.,42583,6
51173,.,31718,6
51175,.,18409,6
51177,-WV        5860342,125684,2
51179,-WV        5860342,134352,2
51181,.,6844,6
51183,1231980,11972,2
51185,106791,44268,5
51187,-WV        5860342,38070,2
51191,309006,55190,3
51193,.,17524,6
51195,60676,40918,5
51197,.,29251,6
51199,C          1699925,66146,2
51510,-WV        5860342,146294,1
51515,255342,5964,3
51520,309006,17662,3
51530,.,6707,6
51540,222860,43956,4
51550,C          1699925,228417,2
51560,.,.,6
51570,1231980,17479,2
51580,.,5771,6
51590,105803,42996,5
51595,.,5740,6
51600,-WV        5860342,23461,2
51610,-WV        5860342,13229,2
51620,.,8528,6
51630,-WV        5860342,27307,2
51640,.,6908,6
51650,C          1699925,136836,2
51660,128372,50981,4
51670,1231980,22348,2
51678,.,6998,6
51680,255342,77113,3
51683,-WV        5860342,40605,2
51685,-WV        5860342,15798,2
51690,66702,13733,5
51700,C          1699925,180726,2
51710,C          1699925,245782,1
51720,60676,4068,5
51730,1231980,31973,2
51735,C          1699925,12097,2
51740,C          1699925,96470,2
51750,178933,16685,4
51760,1231980,210309,1
51770,310118,97469,3
51775,310118,24970,3
51790,118686,23921,4
51800,C          1699925,85181,2
51810,C          1699925,447021,1
51820,118686,21107,4
51830,C          1699925,15167,2
51840,130907,26881,4
53001,19005,19005,5
53003,61419,21888,4
53005,268243,182398,3
53007,113037,73687,4
53009,71863,71863,5
53011,2289800,438287,2
53013,63399,3995,4
53015,101996,101996,4
53017,113037,39350,4
53019,.,7705,6
53021,268243,85845,3
53023,.,2228,6
53025,91723,91723,5
53027,71692,71692,5
53029,79177,79177,5
53031,.,29854,6
53033,3552157,2007440,1
53035,254991,254991,3
53037,41672,41672,5
53039,.,20699,6
53041,75621,75621,5
53043,.,10437,6
53045,60832,60832,5
53047,.,41275,6
53049,.,20575,6
53051,532253,12980,3
53053,3552157,811681,2
53055,.,15824,6
53057,118222,118222,4
53059,2289800,11187,2
53061,3552157,733036,2
53063,532253,475735,3
53065,532253,43538,3
53067,258332,258332,3
53069,.,3993,6
53071,63399,59404,4
53073,205262,205262,4
53075,46606,46606,5
53077,246977,246977,4
54001,.,16493,6
54003,256278,107098,3
54005,225954,24478,4
54007,.,14468,6
54009,122547,23853,4
54011,364665,96974,3
54013,.,7607,6
54015,225954,9297,4
54017,94310,8178,5
54019,124890,45869,4
54021,.,8732,6
54023,.,11816,6
54025,.,35820,6
54027,130907,23709,4
54029,122547,30305,4
54031,.,13866,6
54033,94310,69141,5
54035,.,29234,6
54037,-WV        5860342,54504,2
54039,225954,192179,4
54041,.,16371,6
54043,364665,21627,3
54045,36168,36168,5
54047,.,21326,6
54049,56678,56678,5
54051,146420,32674,4
54053,57887,27179,5
54055,106791,62523,5
54057,101968,27956,4
54059,.,26103,6
54061,134164,100332,4
54063,.,13463,6
54065,.,17471,6
54067,.,26229,6
54069,146420,44075,4
54071,.,7566,6
54073,.,7595,6
54075,.,8692,6
54077,134164,33832,4
54079,364665,56435,3
54081,124890,79021,4
54083,29384,29384,5
54085,.,10236,6
54087,.,14684,6
54089,.,13737,6
54091,94310,16991,5
54093,.,6995,6
54095,.,9037,6
54097,.,24477,6
54099,364665,41649,3
54101,.,9043,6
54103,.,16422,6
54105,92548,5847,4
54107,92548,86701,4
54109,.,23273,6
55001,.,20679,6
55003,.,15992,6
55005,.,45733,6
55007,.,15099,6
55009,311098,253032,3
55011,.,13333,6
55013,.,15382,6
55015,228450,49634,4
55017,163599,62922,4
55019,.,34435,6
55021,620778,56539,3
55023,.,16560,6
55025,620778,503523,3
55027,88415,88415,5
55029,.,27817,6
55031,279452,43785,3
55033,44072,44072,5
55035,163599,100677,4
55037,30702,4482,5
55039,101843,101843,4
55041,.,9206,6
55043,51087,51087,5
55045,620778,36909,3
55047,.,19039,6
55049,620778,23807,3
55051,.,5934,6
55053,.,20485,6
55055,84498,84498,5
55057,.,26631,6
55059,9522434,167936,2
55061,311098,20624,3
55063,135298,116461,4
55065,.,16853,6
55067,.,19646,6
55069,28392,28392,5
55071,80671,80671,5
55073,134735,134735,4
55075,65378,41563,5
55077,.,15205,6
55078,45947,4340,5
55079,1566981,955205,1
55081,.,45100,6
55083,311098,37442,3
55085,.,35714,6
55087,228450,178816,4
55089,1566981,86823,2
55091,.,7390,6
55093,3422264,40814,2
55095,.,43610,6
55097,70433,70433,5
55099,.,13869,6
55101,194797,194797,4
55103,.,17818,6
55105,160418,160418,4
55107,.,14316,6
55109,3422264,85242,2
55111,62597,62597,5
55113,.,16581,6
55115,45947,41607,5
55117,115009,115009,4
55119,.,20486,6
55121,.,29297,6
55123,.,30260,6
55125,.,21338,6
55127,102851,102851,5
55129,.,15826,6
55131,1566981,132661,2
55133,1566981,392292,2
55135,.,52131,6
55137,.,24461,6
55139,168794,168794,4
55141,74424,74424,5
56001,37276,37276,5
56003,.,11794,6
56005,47874,47874,5
56007,.,15666,6
56009,.,14008,6
56011,.,7155,6
56013,41110,41110,5
56015,.,13636,6
56017,.,4822,6
56019,.,8615,6
56021,94483,94483,4
56023,.,17961,6
56025,78621,78621,4
56027,.,2456,6
56029,.,28702,6
56031,.,8756,6
56033,29596,29596,5
56035,.,10368,6
56037,45267,45267,5
56039,31727,21675,5
56041,21025,21025,5
56043,.,8464,6
56045,.,7082,6
